10_ulysses_3.tsp;Statique;OPTIMAL;0.878000020980835;54.3548;0.0;P1={1,5,8} P2={2,3,4} P3={6,7,9,10}
10_ulysses_3.tsp;Heuristique;OPTIMAL;0.9019999504089355;280.9343;0.0;P1={3,5,9} P2={6,8,10} P3={1,2,4,7}
10_ulysses_3.tsp;Dualisation;OPTIMAL;0.5580000877380371;136.9953;0.0;P1={1,2,3,10} P2={4,6,7,8} P3={5,9}
10_ulysses_3.tsp;Plans Coupants;OPTIMAL;1.753000020980835;136.9953;8.64;P1={1,2,3,10} P2={4,6,7,8} P3={5,9}
10_ulysses_3.tsp;Branch-and-Cut;OPTIMAL;2.253000020980835;136.9953;0.0;P1={1,2,3,10} P2={4,6,7,8} P3={5,9}
14_burma_3.tsp;Statique;OPTIMAL;0.07800006866455078;66.2137;0.0;P1={1,2,8,9,10,11} P2={3,4,12,14} P3={5,6,7,13}
14_burma_3.tsp;Heuristique;OPTIMAL;0.002000093460083008;288.1917;0.0;P1={1,3,9,10,13} P2={4,6,7,8,11} P3={2,5,12,14}
14_burma_3.tsp;Dualisation;OPTIMAL;0.22900009155273438;93.39;7.31;P1={1,8,9,10,11} P2={3,4,5,6,7} P3={2,12,13,14}
14_burma_3.tsp;Plans Coupants;OPTIMAL;0.995999813079834;93.39;0.0;P1={1,8,9,10,11} P2={2,12,13,14} P3={3,4,5,6,7}
14_burma_3.tsp;Branch-and-Cut;OPTIMAL;1.061999797821045;93.39;0.0;P1={1,8,9,10,11} P2={2,12,13,14} P3={3,4,5,6,7}
22_ulysses_3.tsp;Statique;OPTIMAL;0.3539998531341553;284.2098;0.0;P1={1,2,3,4,8,16,17,18,22} P2={5,6,9,11,15} P3={7,10,12,13,14,19,20,21}
22_ulysses_3.tsp;Heuristique;OPTIMAL;0.0019998550415039062;1311.1773;0.0;P1={7,11,12,13,16,17,20} P2={3,4,5,6,10,14,18,19} P3={1,2,8,9,15,21,22}
22_ulysses_3.tsp;Dualisation;OPTIMAL;1.569000005722046;358.6368;9.38;P1={1,2,3,4,8,16,17,18} P2={5,6,9,11,15,21} P3={7,10,12,13,14,19,20,22}
22_ulysses_3.tsp;Plans Coupants;OPTIMAL;17.353999853134155;359.0654;8.91;P1={1,2,3,4,8,16,17,18} P2={5,6,7,9,11,19} P3={10,12,13,14,15,20,21,22}
22_ulysses_3.tsp;Branch-and-Cut;OPTIMAL;6.9059998989105225;358.6368;9.86;P1={1,2,3,4,8,16,17,18} P2={5,6,9,11,15,21} P3={7,10,12,13,14,19,20,22}
26_eil_3.tsp;Statique;OPTIMAL;9.635999917984009;1850.4197;8.8;P1={1,2,3,9,11,16,20,21,22} P2={4,5,10,12,13,15,17,18,19} P3={6,7,8,14,23,24,25,26}
26_eil_3.tsp;Heuristique;OPTIMAL;0.003000020980834961;6696.8484;0.0;P1={5,8,9,10,14,19,22,23,26} P2={1,7,12,13,17,18,20,21,25} P3={2,3,4,6,11,15,16,24}
26_eil_3.tsp;Dualisation;TIME_LIMIT;40.04100012779236;2340.2912;12.82;P1={1,2,3,5,9,11,16,20,21,22} P2={4,10,12,15,17,18,19,25} P3={6,7,8,13,14,23,24,26}
26_eil_3.tsp;Plans Coupants;TIME_LIMIT;40.240999937057495;2013.4068;26.3;P1={1,6,7,8,14,23,24,25,26} P2={2,3,5,9,10,11,16,20,21,22} P3={4,12,13,15,17,18,19}
26_eil_3.tsp;Branch-and-Cut;TIME_LIMIT;40.30900001525879;2422.5435;44.55;P1={1,6,7,8,14,15,23,24,26} P2={2,3,5,9,10,11,16,20,21,22} P3={4,12,13,17,18,19,25}
30_eil_3.tsp;Statique;TIME_LIMIT;40.21999979019165;2699.5363;37.53;P1={1,3,9,16,17,18,23,24,25} P2={2,4,5,6,15,20,21,22,28,29,30} P3={7,8,10,11,12,13,14,19,26,27}
30_eil_3.tsp;Heuristique;OPTIMAL;0.005000114440917969;9275.9244;0.0;P1={1,2,3,4,7,10,14,20,21,25} P2={6,9,12,17,22,23,24,27,28,30} P3={5,8,11,13,15,16,18,19,26,29}
30_eil_3.tsp;Dualisation;TIME_LIMIT;40.03399991989136;3354.5979;45.12;P1={1,9,10,12,17,18,23,24,25} P2={2,6,15,16,20,21,22,26,28,29,30} P3={3,4,5,7,8,11,13,14,19,27}
30_eil_3.tsp;Plans Coupants;TIME_LIMIT;40.31699991226196;2699.5363;36.15;P1={1,3,9,16,17,18,23,24,25} P2={2,4,5,6,15,20,21,22,28,29,30} P3={7,8,10,11,12,13,14,19,26,27}
30_eil_3.tsp;Branch-and-Cut;TIME_LIMIT;40.22100019454956;3656.4639;66.14;P1={1,2,3,5,13,19,20,21,22,28,30} P2={4,6,7,8,12,15,16,26,27,29} P3={9,10,11,14,17,18,23,24,25}
34_pr_3.tsp;Statique;TIME_LIMIT;40.043999910354614;493480.2457;33.01;P1={1,2,3,4,5,21,22,23,24,25} P2={6,7,8,9,10,11,12,13,14,15,16,17,18} P3={19,20,26,27,28,29,30,31,32,33,34}
34_pr_3.tsp;Heuristique;OPTIMAL;0.006000041961669922;1.8580771618e6;0.0;P1={6,7,8,10,11,17,18,19,22,23,24,25} P2={4,15,16,20,21,27,28,29,30,31,32} P3={1,2,3,5,9,12,13,14,26,33,34}
34_pr_3.tsp;Dualisation;TIME_LIMIT;40.05800008773804;693633.9885;50.81;P1={1,3,6,21,22,23,24,25,27} P2={10,19,20,26,28,29,30,31,32,33,34} P3={2,4,5,7,8,9,11,12,13,14,15,16,17,18}
34_pr_3.tsp;Plans Coupants;TIME_LIMIT;40.04199981689453;495535.3595;35.61;P1={1,2,3,4,21,22,23,24,25} P2={5,19,20,26,27,28,29,30,31,32,33,34} P3={6,7,8,9,10,11,12,13,14,15,16,17,18}
34_pr_3.tsp;Branch-and-Cut;TIME_LIMIT;40.276999950408936;804674.1007;67.6;P1={1,2,3,4,22,23,24,25} P2={5,6,7,8,9,11,12,13,15,17,19,21,27,29} P3={10,14,16,18,20,26,28,30,31,32,33,34}
38_rat_3.tsp;Statique;TIME_LIMIT;40.23199987411499;6633.3406;63.68;P1={1,2,3,4,5,6,10,11,12,13,14,15,22,23} P2={7,8,9,16,17,18,24,25,26,27,34,35,36} P3={19,20,21,28,29,30,31,32,33,37,38}
38_rat_3.tsp;Heuristique;OPTIMAL;0.006999969482421875;23183.9378;0.0;P1={2,4,7,13,14,15,16,21,25,27,30,33} P2={6,10,11,12,17,23,24,26,29,32,34,35,36} P3={1,3,5,8,9,18,19,20,22,28,31,37,38}
38_rat_3.tsp;Dualisation;TIME_LIMIT;40.055999994277954;9107.9251;61.97;P1={1,2,3,4,5,10,11,12,13,14,19,37} P2={6,7,8,9,15,16,17,18,22,23,25,26,27} P3={20,21,24,28,29,30,31,32,33,34,35,36,38}
38_rat_3.tsp;Plans Coupants;TIME_LIMIT;40.057000160217285;6902.35;51.25;P1={1,2,3,4,5,6,10,11,12,13,14,28} P2={7,8,9,15,16,17,18,23,24,25,26,27,35,36} P3={19,20,21,22,29,30,31,32,33,34,37,38}
38_rat_3.tsp;Branch-and-Cut;TIME_LIMIT;40.211000204086304;N/A;-;Pas de solution
40_eil_3.tsp;Statique;TIME_LIMIT;40.045000076293945;5526.404;65.83;P1={1,7,9,10,11,19,20,30,31,32,33,34,35,36} P2={2,5,6,8,13,14,15,16,17,18,27,37,38} P3={3,4,12,21,22,23,24,25,26,28,29,39,40}
40_eil_3.tsp;Heuristique;OPTIMAL;0.00800013542175293;18951.2812;0.0;P1={2,5,6,8,12,13,15,17,24,36,38,39,40} P2={9,10,11,16,18,19,20,22,23,25,28,29,35} P3={1,3,4,7,14,21,26,27,30,31,32,33,34,37}
40_eil_3.tsp;Dualisation;TIME_LIMIT;40.056999921798706;8310.7978;73.41;P1={1,7,9,10,12,13,15,21,22,26,31,32,33,40} P2={3,4,14,20,23,24,25,27,28,29,34,35,37,39} P3={2,5,6,8,11,16,17,18,19,30,36,38}
40_eil_3.tsp;Plans Coupants;TIME_LIMIT;40.03699994087219;5644.3438;65.74;P1={1,3,9,12,20,24,28,29,30,32,33,34,35} P2={2,4,13,14,15,21,22,23,25,26,37,38,39,40} P3={5,6,7,8,10,11,16,17,18,19,27,31,36}
40_eil_3.tsp;Branch-and-Cut;TIME_LIMIT;40.23799991607666;N/A;-;Pas de solution
44_lin_3.tsp;Statique;TIME_LIMIT;40.050999879837036;131015.7358;60.21;P1={1,2,3,6,7,10,11,15,20,21,22,23,29,30,31,32} P2={4,5,8,9,12,13,14,16,17,18,19,24,25,26,27,28} P3={33,34,35,36,37,38,39,40,41,42,43,44}
44_lin_3.tsp;Heuristique;OPTIMAL;0.007999897003173828;436263.4751;0.0;P1={1,2,4,6,7,8,9,14,16,21,29,32,39,40,42} P2={3,5,12,13,19,23,24,25,27,31,33,34,35,41,43} P3={10,11,15,17,18,20,22,26,28,30,36,37,38,44}
44_lin_3.tsp;Dualisation;TIME_LIMIT;40.0550000667572;192582.1819;74.35;P1={1,2,6,7,9,10,11,12,16,20,21,22,27,29,40} P2={5,8,13,14,15,17,18,19,23,24,28,30,32,33,37} P3={3,4,25,26,31,34,35,36,38,39,41,42,43,44}
44_lin_3.tsp;Plans Coupants;TIME_LIMIT;40.045000076293945;131015.7358;64.3;P1={1,2,3,6,7,10,11,15,20,21,22,23,29,30,31,32} P2={4,5,8,9,12,13,14,16,17,18,19,24,25,26,27,28} P3={33,34,35,36,37,38,39,40,41,42,43,44}
44_lin_3.tsp;Branch-and-Cut;TIME_LIMIT;40.05000019073486;N/A;-;Pas de solution
48_att_3.tsp;Statique;TIME_LIMIT;40.05799984931946;684137.8419;71.17;P1={1,6,7,9,16,17,18,19,27,28,31,36,37,38,43,44,46} P2={2,4,5,10,24,25,26,29,32,34,35,39,41,42,45,48} P3={3,8,11,12,13,14,15,20,21,22,23,30,33,40,47}
48_att_3.tsp;Heuristique;OPTIMAL;0.006999969482421875;2.5323544917e6;0.0;P1={3,6,7,13,17,18,19,22,27,28,38,39,41,42,44,48} P2={1,2,9,10,11,14,15,20,25,26,29,30,35,36,40,46} P3={4,5,8,12,16,21,23,24,31,32,33,34,37,43,45,47}
48_att_3.tsp;Dualisation;TIME_LIMIT;40.07799983024597;1.0791890551e6;79.87;P1={1,2,7,16,17,19,20,22,31,34,35,36,37,38,39,40,42,43,46} P2={6,8,9,11,12,15,18,23,25,28,30,33,41,44,47} P3={3,4,5,10,13,14,21,24,26,27,29,32,45,48}
48_att_3.tsp;Plans Coupants;TIME_LIMIT;40.0479998588562;596897.0488;62.22;P1={1,3,8,9,11,13,14,15,16,21,22,23,25,34,38,40,41} P2={2,4,5,10,24,26,29,32,35,39,42,45,48} P3={6,7,12,17,18,19,20,27,28,30,31,33,36,37,43,44,46,47}
48_att_3.tsp;Branch-and-Cut;TIME_LIMIT;40.08500003814697;1.0215181994e6;78.32;P1={1,6,7,9,12,13,15,16,17,18,19,20,21,23,33,34,37,41,43,45} P2={2,4,5,8,10,14,24,25,26,29,32,35,38,42,48} P3={3,11,22,27,28,30,31,36,39,40,44,46,47}
52_berlin_3.tsp;Statique;TIME_LIMIT;40.075000047683716;164758.752;73.06;P1={1,4,5,6,15,16,19,24,25,34,35,36,37,39,40,43,45,46,48,49} P2={2,3,7,8,10,17,18,20,21,22,23,29,30,31,32,41,42,44,50} P3={9,11,12,13,14,26,27,28,33,38,47,51,52}
52_berlin_3.tsp;Heuristique;OPTIMAL;0.006999969482421875;515942.5276;0.0;P1={1,13,15,17,19,20,21,22,27,29,37,42,43,44,45,48} P2={4,5,6,8,10,16,24,25,26,30,31,32,33,36,40,41,49} P3={2,3,7,9,11,12,14,18,23,28,34,35,38,39,46,47,50,51,52}
52_berlin_3.tsp;Dualisation;TIME_LIMIT;40.0789999961853;222419.9015;79.11;P1={1,2,3,5,7,8,9,15,16,17,18,25,30,31,32,34,42,43,44,46,50} P2={4,6,10,19,20,21,23,24,29,35,36,38,39,41,45} P3={11,12,13,14,22,26,27,28,33,37,40,47,48,49,51,52}
52_berlin_3.tsp;Plans Coupants;TIME_LIMIT;40.032999992370605;171669.6273;75.54;P1={1,2,3,7,16,18,20,22,23,30,31,32,35,36,38,42,44,49,50} P2={4,5,6,8,9,10,15,17,19,21,24,25,34,37,39,40,41,45,46,48} P3={11,12,13,14,26,27,28,29,33,43,47,51,52}
52_berlin_3.tsp;Branch-and-Cut;TIME_LIMIT;40.11299991607666;N/A;-;Pas de solution
70_st_3.tsp;Statique;TIME_LIMIT;40.05399990081787;32495.5758;84.34;P1={1,2,5,10,13,15,16,23,24,29,31,35,36,37,38,50,52,57,58,59,69,70} P2={3,8,9,11,21,25,32,39,40,44,45,46,48,49,51,54,55,56,60,61,62,64,67,68} P3={4,6,7,12,14,17,18,19,20,22,26,27,28,30,33,34,41,42,43,47,53,63,65,66}
70_st_3.tsp;Heuristique;OPTIMAL;0.011999845504760742;86158.6571;0.0;P1={1,4,13,18,19,21,27,30,38,41,42,44,45,48,51,52,54,56,58,61,63,64,70} P2={2,3,7,10,11,12,16,20,22,26,29,31,36,43,47,49,50,55,57,59,60,65,66,69} P3={5,6,8,9,14,15,17,23,24,25,28,32,33,34,35,37,39,40,46,53,62,67,68}
70_st_3.tsp;Dualisation;TIME_LIMIT;40.11800003051758;39030.7438;87.45;P1={1,10,15,16,22,24,26,29,32,35,36,38,47,48,50,52,59,60,61,66,70} P2={2,9,11,13,18,19,20,21,25,27,28,30,34,39,40,45,46,51,55,62,65,67} P3={3,4,5,6,7,8,12,14,17,23,31,33,37,41,42,43,44,49,53,54,56,57,58,63,64,68,69}
70_st_3.tsp;Plans Coupants;TIME_LIMIT;40.06599998474121;31786.8289;84.72;P1={1,2,9,10,11,18,29,33,44,48,50,51,54,58,59,64,65,67} P2={3,6,8,12,14,17,20,21,25,26,27,28,30,32,34,39,40,41,43,45,46,49,55,61,62,68} P3={4,5,7,13,15,16,19,22,23,24,31,35,36,37,38,42,47,52,53,56,57,60,63,66,69,70}
70_st_3.tsp;Branch-and-Cut;TIME_LIMIT;40.05499982833862;N/A;-;Pas de solution
80_gr_3.tsp;Statique;TIME_LIMIT;40.075000047683716;24578.3862;84.94;P1={1,2,3,4,5,6,7,8,9,10,12,13,14,29,30,31,32,33,35,38,39,44,46,51,79} P2={11,17,18,19,20,21,22,27,28,45,56,58,61,63,64,65,66,67,68,72,74,75,76,77,78} P3={15,16,23,24,25,26,34,36,37,40,41,42,43,47,48,49,50,52,53,54,55,57,59,60,62,69,70,71,73,80}
80_gr_3.tsp;Heuristique;OPTIMAL;0.012999773025512695;68004.5763;0.0;P1={1,3,4,5,22,23,28,33,36,37,38,39,40,41,43,46,47,50,55,56,58,61,63,70,71,75,80} P2={2,6,10,13,15,17,20,27,29,31,32,35,45,48,51,59,60,64,66,67,69,72,73,76,77,78} P3={7,8,9,11,12,14,16,18,19,21,24,25,26,30,34,42,44,49,52,53,54,57,62,65,68,74,79}
80_gr_3.tsp;Dualisation;TIME_LIMIT;40.16700005531311;32637.5774;89.28;P1={1,3,5,6,29,35,36,37,42,44,49,54,56,65,66,67,69,72,73,74,76,77,79,80} P2={9,11,13,15,17,18,19,20,21,22,24,25,26,27,28,30,32,33,43,46,48,52,55,58,61,63} P3={2,4,7,8,10,12,14,16,23,31,34,38,39,40,41,45,47,50,51,53,57,59,60,62,64,68,70,71,75,78}
80_gr_3.tsp;Plans Coupants;TIME_LIMIT;40.098999977111816;23848.6163;85.28;P1={1,2,3,4,5,6,7,8,9,10,11,12,29,30,31,32,33,34,35,36,38,44,45,46,51} P2={13,15,16,17,18,19,20,21,22,23,26,27,28,43,48,56,58,61,62,63,65,66,67,68,72,75,76,77,78} P3={14,24,25,37,39,40,41,42,47,49,50,52,53,54,55,57,59,60,64,69,70,71,73,74,79,80}
80_gr_3.tsp;Branch-and-Cut;TIME_LIMIT;40.05199980735779;N/A;-;Pas de solution
100_kroA_3.tsp;Statique;TIME_LIMIT;40.10800004005432;1.7640448893e6;89.8;P1={1,7,10,15,20,21,25,27,35,38,40,42,45,51,53,54,57,59,62,64,69,74,77,86,87,90,91,93,98,99} P2={2,3,5,9,12,13,14,29,30,33,34,37,39,41,43,44,46,48,50,52,55,58,61,68,71,73,76,78,81,82,83,85,95,96,100} P3={4,6,8,11,16,17,18,19,22,23,24,26,28,31,32,36,47,49,56,60,63,65,66,67,70,72,75,79,80,84,88,89,92,94,97}
100_kroA_3.tsp;Heuristique;OPTIMAL;0.028999805450439453;5.710167306e6;0.0;P1={5,9,10,12,18,19,21,22,24,26,27,28,30,40,42,45,52,55,56,60,62,64,65,67,73,76,78,80,84,90,91,93,99,100} P2={4,6,8,15,17,25,31,32,33,34,36,38,41,43,46,47,48,49,58,61,66,70,74,75,81,83,85,87,92,94,95,97,98} P3={1,2,3,7,11,13,14,16,20,23,29,35,37,39,44,50,51,53,54,57,59,63,68,69,71,72,77,79,82,86,88,89,96}
100_kroA_3.tsp;Dualisation;TIME_LIMIT;40.680999994277954;2.3979670841e6;92.49;P1={1,4,10,17,18,19,21,22,23,24,25,27,32,44,45,47,53,59,63,67,74,84,87,88,90,91,92,93,98} P2={2,3,5,7,9,12,13,14,20,26,29,30,31,33,34,35,37,39,41,51,52,55,56,60,68,71,73,76,78,82,95,96,99,100} P3={6,8,11,15,16,28,36,38,40,42,43,46,48,49,50,54,57,58,61,62,64,65,66,69,70,72,75,77,79,80,81,83,85,86,89,94,97}
100_kroA_3.tsp;Plans Coupants;TIME_LIMIT;40.097999811172485;2.5480740678e6;93.35;P1={1,4,8,10,11,17,21,22,24,26,32,36,38,48,49,52,53,59,60,62,65,66,74,77,79,80,82,84,85,86,87,88,92,94,95,97,98,99} P2={2,3,12,15,16,18,20,25,27,31,33,39,40,41,42,43,45,46,47,50,54,57,58,61,63,64,67,69,71,72,75,83,91} P3={5,6,7,9,13,14,19,23,28,29,30,34,35,37,44,51,55,56,68,70,73,76,78,81,89,90,93,96,100}
100_kroA_3.tsp;Branch-and-Cut;TIME_LIMIT;40.08799982070923;N/A;-;Pas de solution
202_gr_3.tsp;Statique;TIME_LIMIT;40.72199988365173;91591.3352;97.15;P1={1,2,3,4,5,6,7,8,9,10,11,12,13,14,15,16,17,18,19,20,21,22,23,29,31,32,34,35,39,43,46,47,48,53,54,55,59,63,64,65,66,67,68,69,70,71,72,73,75,84,93,94,99,104,106,112,123,128,131,137,141,169} P2={24,27,28,44,50,58,60,61,74,76,77,80,83,85,86,87,89,90,91,92,95,96,97,98,100,103,109,110,111,114,117,119,120,121,125,126,129,133,136,138,139,142,149,150,152,154,158,159,161,164,165,166,168,175,177,179,180,181,185,187,193,195,197} P3={25,26,30,33,36,37,38,40,41,42,45,49,51,52,56,57,62,78,79,81,82,88,101,102,105,107,108,113,115,116,118,122,124,127,130,132,134,135,140,143,144,145,146,147,148,151,153,155,156,157,160,162,163,167,170,171,172,173,174,176,178,182,183,184,186,188,189,190,191,192,194,196,198,199,200,201,202}
202_gr_3.tsp;Heuristique;OPTIMAL;0.09999990463256836;210707.4138;0.0;P1={3,8,9,13,17,18,22,24,27,28,29,30,35,36,39,47,50,51,57,58,59,62,67,69,70,75,76,79,83,85,86,91,99,106,108,111,113,115,119,121,124,126,131,132,133,135,143,145,158,160,161,163,165,169,174,175,178,180,181,184,185,186,191,195,196,200} P2={2,5,11,12,14,15,20,26,31,32,33,38,40,41,43,44,49,54,60,63,68,71,77,78,82,84,89,92,94,95,97,98,103,104,105,107,110,112,118,122,127,129,136,137,138,139,147,149,150,153,156,157,159,164,166,167,170,177,183,187,189,190,192,197,199,201} P3={1,4,6,7,10,16,19,21,23,25,34,37,42,45,46,48,52,53,55,56,61,64,65,66,72,73,74,80,81,87,88,90,93,96,100,101,102,109,114,116,117,120,123,125,128,130,134,140,141,142,144,146,148,151,152,154,155,162,168,171,172,173,176,179,182,188,193,194,198,202}
202_gr_3.tsp;Dualisation;TIME_LIMIT;40.97199988365173;96379.6564;97.34;P1={1,3,5,6,7,8,10,11,13,15,16,18,19,21,22,24,25,26,31,36,37,38,40,41,42,43,45,46,47,48,49,51,65,67,71,72,73,84,85,95,98,99,103,104,109,110,119,120,125,126,133,138,142,150,152,154,185,187,197} P2={9,14,17,30,32,33,34,63,66,69,70,86,87,94,102,107,108,111,113,114,115,116,117,118,121,122,123,124,127,128,129,130,132,134,135,136,139,140,143,144,145,146,147,148,149,151,153,155,156,157,160,162,163,164,165,166,167,168,170,171,172,173,174,175,176,178,179,180,182,183,184,186,188,189,190,191,192,193,194,195,196,198,199,200,201} P3={2,4,12,20,23,27,28,29,35,39,44,50,52,53,54,55,56,57,58,59,60,61,62,64,68,74,75,76,77,78,79,80,81,82,83,88,89,90,91,92,93,96,97,100,101,105,106,112,131,137,141,158,159,161,169,177,181,202}
202_gr_3.tsp;Plans Coupants;TIME_LIMIT;40.765000104904175;93893.9225;96.96;P1={1,3,5,6,7,10,21,25,26,31,35,36,37,39,40,41,42,43,45,47,48,49,51,52,54,56,57,58,62,68,69,74,76,78,81,82,94,118,131,141,149,151,169,177,181,199,200,202} P2={2,4,8,9,12,14,15,19,20,22,23,24,27,28,29,30,32,33,34,38,44,46,50,53,55,59,60,61,63,64,65,66,67,70,71,72,73,75,77,79,80,83,84,85,86,87,90,91,92,95,97,99,100,103,104,105,106,107,108,117,123,128,133,143,168,185,186,187,188,201} P3={11,13,16,17,18,88,89,93,96,98,101,102,109,110,111,112,113,114,115,116,119,120,121,122,124,125,126,127,129,130,132,134,135,136,137,138,139,140,142,144,145,146,147,148,150,152,153,154,155,156,157,158,159,160,161,162,163,164,165,166,167,170,171,172,173,174,175,176,178,179,180,182,183,184,189,190,191,192,193,194,195,196,197,198}
202_gr_3.tsp;Branch-and-Cut;TIME_LIMIT;40.419999837875366;N/A;-;Pas de solution
318_lin_3.tsp;Statique;TIME_LIMIT;41.395999908447266;2.8642528852e7;99.29;P1={1,2,3,4,5,8,9,14,17,18,23,26,28,30,31,33,35,38,39,41,42,44,45,46,48,49,50,51,52,53,54,56,57,58,66,77,79,83,89,92,93,102,103,106,109,111,112,114,115,120,122,123,124,126,127,128,129,132,134,138,140,141,142,145,148,149,150,154,157,173,175,208,225,255,274} P2={6,21,36,40,43,60,69,75,84,85,91,100,144,151,165,168,169,170,171,172,174,176,177,178,179,180,181,184,185,186,187,188,189,190,191,193,194,195,196,197,198,199,200,201,202,203,204,205,207,209,210,211,212,213,214,215,216,217,218,219,220,221,222,223,224,226,227,228,229,230,231,232,234,235,237,238,239,240,241,242,243,244,245,246,247,248,249,250,251,252,253,254,256,258,259,260,261,262,263,264,265,266,268,269,270,271,273,275,276,277,278,279,281,283,284,285,286,287,288,289,290,291,292,294,295,297,298,301,302,307,313,314} P3={7,10,11,12,13,15,16,19,20,22,24,25,27,29,32,34,37,47,55,59,61,62,63,64,65,67,68,70,71,72,73,74,76,78,80,81,82,86,87,88,90,94,95,96,97,98,99,101,104,105,107,108,110,113,116,117,118,119,121,125,130,131,133,135,136,137,139,143,146,147,152,153,155,156,158,159,160,161,162,163,164,166,167,182,183,192,206,233,236,257,267,272,280,282,293,296,299,300,303,304,305,306,308,309,310,311,312,315,316,317,318}
318_lin_3.tsp;Heuristique;OPTIMAL;0.33500003814697266;6.22349339449e7;0.0;P1={4,5,6,9,12,13,14,16,17,24,27,35,38,40,42,50,51,56,57,59,60,61,63,64,65,67,69,74,77,78,85,89,96,97,99,101,107,108,111,122,123,126,128,132,139,140,142,143,144,147,148,156,158,162,163,165,166,168,174,175,182,184,186,187,188,196,206,209,210,211,213,215,217,218,220,222,225,238,240,241,244,246,247,250,255,260,266,268,270,272,274,276,277,279,286,288,295,298,300,301,303,312,314,318} P2={1,3,7,11,23,26,28,31,34,37,41,43,44,47,48,49,66,70,71,72,73,76,79,80,81,82,84,87,88,93,98,100,103,104,109,112,113,119,121,124,127,130,131,134,138,146,149,150,151,152,161,164,167,173,177,179,181,185,190,191,192,193,198,199,200,205,216,219,223,224,226,227,228,229,230,232,233,234,236,242,243,248,251,253,258,259,261,265,269,271,275,282,283,284,285,287,294,305,307,309,310,311,313,316} P3={2,8,10,15,18,19,20,21,22,25,29,30,32,33,36,39,45,46,52,53,54,55,58,62,68,75,83,86,90,91,92,94,95,102,105,106,110,114,115,116,117,118,120,125,129,133,135,136,137,141,145,153,154,155,157,159,160,169,170,171,172,176,178,180,183,189,194,195,197,201,202,203,204,207,208,212,214,221,231,235,237,239,245,249,252,254,256,257,262,263,264,267,273,278,280,281,289,290,291,292,293,296,297,299,302,304,306,308,315,317}
318_lin_3.tsp;Dualisation;TIME_LIMIT;42.85099983215332;2.071638227739e8;99.92;P1={1,2,6,8,9,11,13,15,16,23,28,29,34,35,36,48,50,52,53,57,59,61,63,67,68,71,72,73,85,86,89,92,93,94,102,104,111,113,114,115,117,121,123,126,135,138,141,148,149,151,153,157,158,162,165,172,173,175,176,178,179,185,192,193,194,195,196,199,207,209,212,216,220,221,227,233,238,247,251,253,255,256,257,258,259,261,262,265,267,268,273,274,278,279,285,292,293,299,303,306,308,311,312,316} P2={124,125,129,130,131,132,133,134,136,137,139,140,142,143,144,146,150,159,160,163,164,166,167,168,170,174,177,180,181,183,184,187,189,190,197,198,200,203,204,206,210,213,214,215,219,222,225,226,228,229,232,234,235,236,237,239,240,242,244,245,248,249,250,252,254,260,264,269,270,271,272,275,276,280,281,282,283,284,288,289,290,295,297,300,301,304,305,309,313,315,317,318} P3={3,4,5,7,10,12,14,17,18,19,20,21,22,24,25,26,27,30,31,32,33,37,38,39,40,41,42,43,44,45,46,47,49,51,54,55,56,58,60,62,64,65,66,69,70,74,75,76,77,78,79,80,81,82,83,84,87,88,90,91,95,96,97,98,99,100,101,103,105,106,107,108,109,110,112,116,118,119,120,122,127,128,145,147,152,154,155,156,161,169,171,182,186,188,191,201,202,205,208,211,217,218,223,224,230,231,241,243,246,263,266,277,286,287,291,294,296,298,302,307,310,314}
318_lin_3.tsp;Plans Coupants;TIME_LIMIT;42.13499999046326;2.78543857e7;99.39;P1={1,2,5,6,7,8,9,10,11,12,13,14,15,16,18,19,20,21,22,23,24,25,26,27,28,29,30,31,32,34,38,42,43,44,45,46,49,52,58,72,103,106,107,108,111,112,113,114,120,121,124,125,126,129,131,132,133,134,135,136,137,140,150,173,208,211,212,214,216,219,221,222,225,232,234,236,240,242,244,252,261,313,317} P2={3,17,33,35,36,37,39,40,41,47,48,50,51,53,54,55,56,57,59,60,61,62,63,65,66,67,68,69,70,71,73,74,75,76,77,78,80,81,82,83,85,86,87,89,90,92,97,99,100,101,104,105,115,116,123,144,146,147,149,152,153,157,158,159,162,163,165,171,174,176,177,179,182,183,185,186,188,190,191,193,194,196,197,200,209,210,231,238,243,246,254,256,260,265,266,267,270,273,277,278,279,280,282,284,287,288,289,290,292,293,294,296,297,298,304,305,306,307,308,309,310,312,314,316} P3={4,64,79,84,88,91,93,94,95,96,98,102,109,110,117,118,119,122,127,128,130,138,139,141,142,143,145,148,151,154,155,156,160,161,164,166,167,168,169,170,172,175,178,180,181,184,187,189,192,195,198,199,201,202,203,204,205,206,207,213,215,217,218,220,223,224,226,227,228,229,230,233,235,237,239,241,245,247,248,249,250,251,253,255,257,258,259,262,263,264,268,269,271,272,274,275,276,281,283,285,286,291,295,299,300,301,302,303,311,315,318}
318_lin_3.tsp;Branch-and-Cut;TIME_LIMIT;41.873000144958496;N/A;-;Pas de solution
400_rd_3.tsp;Statique;TIME_LIMIT;41.95700001716614;1.4041853958e7;99.81;P1={1,2,13,20,21,23,24,29,36,38,45,46,50,52,62,63,68,69,71,76,78,85,87,91,94,96,97,100,107,108,109,110,113,115,122,129,132,133,137,138,142,143,145,148,149,154,155,160,161,162,165,168,172,178,181,184,194,196,197,203,204,206,207,210,212,213,219,221,222,223,224,226,229,233,235,238,239,240,250,253,258,261,266,269,271,280,288,291,292,294,296,298,299,300,312,313,314,321,324,328,330,331,336,338,339,340,341,343,344,351,356,364,369,370,377,378,379,380,383,385,386,389,391,394,396,397,398} P2={3,9,10,12,18,22,27,33,35,39,44,48,51,53,54,60,61,65,67,70,72,79,81,82,83,90,93,95,99,101,104,106,114,117,118,119,121,126,127,131,134,135,136,141,144,150,151,156,157,166,167,169,170,171,174,175,177,179,187,189,192,193,200,201,208,211,216,218,227,237,241,242,244,246,248,249,251,255,256,259,260,264,265,267,273,276,278,283,287,290,302,303,304,305,306,307,309,310,311,317,318,319,320,322,323,325,327,332,333,342,345,347,348,349,350,352,353,354,357,358,360,362,363,366,368,371,373,384,392,395,400} P3={4,5,6,7,8,11,14,15,16,17,19,25,26,28,30,31,32,34,37,40,41,42,43,47,49,55,56,57,58,59,64,66,73,74,75,77,80,84,86,88,89,92,98,102,103,105,111,112,116,120,123,124,125,128,130,139,140,146,147,152,153,158,159,163,164,173,176,180,182,183,185,186,188,190,191,195,198,199,202,205,209,214,215,217,220,225,228,230,231,232,234,236,243,245,247,252,254,257,262,263,268,270,272,274,275,277,279,281,282,284,285,286,289,293,295,297,301,308,315,316,326,329,334,335,337,346,355,359,361,365,367,372,374,375,376,381,382,387,388,390,393,399}
400_rd_3.tsp;Heuristique;OPTIMAL;0.4159998893737793;2.82407207827e7;0.0;P1={2,3,4,8,16,17,18,20,25,28,31,32,36,39,40,41,43,45,46,47,52,59,60,62,64,67,69,75,80,81,83,88,98,99,102,103,105,108,110,116,117,118,119,120,121,126,129,133,135,139,141,142,143,144,156,161,165,170,171,174,176,178,183,185,186,192,193,195,201,210,212,213,214,220,221,226,227,228,230,234,235,238,239,241,242,245,248,252,258,263,271,273,274,276,280,281,282,286,288,293,294,302,305,306,307,308,311,317,319,320,322,333,335,337,338,339,345,346,347,349,351,356,357,362,373,375,382,384,385,389,390,392} P2={5,7,10,14,19,21,22,23,24,35,38,44,48,49,54,57,58,63,65,66,70,71,72,73,77,79,82,84,85,87,89,90,104,106,111,114,123,124,127,128,130,131,134,136,145,146,149,150,151,152,153,154,155,157,162,164,166,167,172,179,180,182,187,188,191,194,196,197,198,199,200,202,211,216,217,225,231,237,240,244,247,249,250,253,257,259,261,262,264,267,272,275,283,284,285,287,289,290,295,296,298,300,309,310,312,313,314,316,323,324,329,330,332,336,342,343,350,352,358,359,360,361,363,366,367,368,369,370,371,374,376,378,379,391,393,398,400} P3={1,6,9,11,12,13,15,26,27,29,30,33,34,37,42,50,51,53,55,56,61,68,74,76,78,86,91,92,93,94,95,96,97,100,101,107,109,112,113,115,122,125,132,137,138,140,147,148,158,159,160,163,168,169,173,175,177,181,184,189,190,203,204,205,206,207,208,209,215,218,219,222,223,224,229,232,233,236,243,246,251,254,255,256,260,265,266,268,269,270,277,278,279,291,292,297,299,301,303,304,315,318,321,325,326,327,328,331,334,340,341,344,348,353,354,355,364,365,372,377,380,381,383,386,387,388,394,395,396,397,399}
400_rd_3.tsp;Dualisation;TIME_LIMIT;43.13700008392334;3.37987895461e7;99.92;P1={1,6,7,9,10,12,14,17,20,23,26,27,28,29,33,34,37,38,39,41,43,44,46,47,49,50,54,57,58,62,70,74,78,79,80,82,86,88,90,91,94,95,102,103,105,107,108,109,110,111,112,115,121,122,127,131,134,137,142,143,146,147,148,150,151,156,157,159,161,163,165,168,171,180,182,185,186,189,190,191,193,195,196,198,201,205,206,207,208,211,220,224,225,228,235,236,239,243,254,258,260,262,263,265,270,273,280,281,287,288,292,297,298,303,305,306,312,313,322,324,326,328,331,332,334,343,344,347,350,354,355,358,362,366,368,371,374,377,378,381,391,395,399,400} P2={2,4,5,8,15,18,19,21,25,30,36,45,52,53,55,59,61,64,67,68,69,71,75,84,85,89,92,93,96,98,100,104,106,113,114,120,124,129,130,132,133,136,139,141,145,152,154,155,158,160,164,166,167,169,172,173,175,176,177,179,181,187,192,197,199,200,203,204,212,213,217,219,226,227,231,233,237,238,240,242,245,246,247,250,253,261,266,268,269,271,272,274,275,276,279,284,285,286,289,290,294,295,296,302,304,307,308,309,310,318,319,320,321,323,325,327,330,333,335,336,337,338,346,349,353,356,357,359,360,363,365,367,370,375,379,382,383,385,386,387,389,390,393,397} P3={3,11,13,16,22,24,31,32,35,40,42,48,51,56,60,63,65,66,72,73,76,77,81,83,87,97,99,101,116,117,118,119,123,125,126,128,135,138,140,144,149,153,162,170,174,178,183,184,188,194,202,209,210,214,215,216,218,221,222,223,229,230,232,234,241,244,248,249,251,252,255,256,257,259,264,267,277,278,282,283,291,293,299,300,301,311,314,315,316,317,329,339,340,341,342,345,348,351,352,361,364,369,372,373,376,380,384,388,392,394,396,398}
400_rd_3.tsp;Plans Coupants;TIME_LIMIT;43.41000008583069;1.39742117482e7;99.81;P1={1,2,3,4,6,7,8,9,13,15,19,20,21,22,28,29,32,35,36,38,39,40,42,43,45,49,50,52,54,56,57,62,64,66,68,69,70,71,73,74,75,76,77,79,85,90,92,95,96,99,101,108,110,111,113,114,117,118,137,142,149,157,158,160,167,168,169,201,214,222,224,227,228,229,232,236,237,239,245,246,247,248,249,250,251,252,253,255,256,257,270,273,275,276,290,295,300,301,303,304,306,307,311,317,320,327,328,336,339,341,347,349,350,352,354,358,360,368,370,377,385,397} P2={5,10,12,14,16,18,24,25,33,41,44,46,48,51,58,61,63,65,67,72,78,80,81,82,83,84,87,88,93,94,97,102,103,105,106,107,116,119,124,126,127,132,133,134,135,136,138,150,151,152,153,170,175,178,182,183,184,185,186,187,189,191,192,194,196,197,198,205,209,218,219,220,221,225,230,231,234,259,266,268,271,272,277,278,283,289,291,294,297,298,312,313,314,322,324,335,337,342,343,348,356,357,364,365,369,372,373,374,379,381,382,384,386,390,394,395,396,399,400} P3={11,17,23,26,27,30,31,34,37,47,53,55,59,60,86,89,91,98,100,104,109,112,115,120,121,122,123,125,128,129,130,131,139,140,141,143,144,145,146,147,148,154,155,156,159,161,162,163,164,165,166,171,172,173,174,176,177,179,180,181,188,190,193,195,199,200,202,203,204,206,207,208,210,211,212,213,215,216,217,223,226,233,235,238,240,241,242,243,244,254,258,260,261,262,263,264,265,267,269,274,279,280,281,282,284,285,286,287,288,292,293,296,299,302,305,308,309,310,315,316,318,319,321,323,325,326,329,330,331,332,333,334,338,340,344,345,346,351,353,355,359,361,362,363,366,367,371,375,376,378,380,383,387,388,389,391,392,393,398}
400_rd_3.tsp;Branch-and-Cut;TIME_LIMIT;43.0770001411438;N/A;-;Pas de solution
10_ulysses_6.tsp;Statique;OPTIMAL;0.04900002479553223;7.222;0.0;P1={1,8} P2={2,3} P3={4} P4={5} P5={6,7} P6={9,10}
10_ulysses_6.tsp;Heuristique;OPTIMAL;0.003000020980834961;354.513;0.0;P1={5} P2={10} P3={2,3} P4={4,7} P5={6,8} P6={1,9}
10_ulysses_6.tsp;Dualisation;OPTIMAL;0.09400010108947754;55.1194;0.0;P1={1,4,8} P2={6,9} P3={10} P4={2,3} P5={5} P6={7}
10_ulysses_6.tsp;Plans Coupants;OPTIMAL;0.6800000667572021;55.1194;0.0;P1={1,4,8} P2={2,3} P3={5} P4={6,9} P5={7} P6={10}
10_ulysses_6.tsp;Branch-and-Cut;OPTIMAL;2.2960000038146973;55.1194;0.0;P1={1,4,8} P2={2,3} P3={5} P4={6,9} P5={7} P6={10}
14_burma_6.tsp;Statique;OPTIMAL;0.247999906539917;17.9622;0.0;P1={1,2,8} P2={3,4} P3={5} P4={6,12,14} P5={7,13} P6={9,10,11}
14_burma_6.tsp;Heuristique;OPTIMAL;0.003999948501586914;349.6061;0.0;P1={6,10} P2={7,9} P3={11,12,14} P4={2,3,13} P5={4,8} P6={1,5}
14_burma_6.tsp;Dualisation;OPTIMAL;0.17799997329711914;42.7406;9.98;P1={1,8,11} P2={2,13} P3={7} P4={9,10} P5={6,12,14} P6={3,4,5}
14_burma_6.tsp;Plans Coupants;OPTIMAL;3.0;42.7406;0.0;P1={1,8,11} P2={2,13} P3={3,4,5} P4={6,12,14} P5={7} P6={9,10}
14_burma_6.tsp;Branch-and-Cut;OPTIMAL;4.071000099182129;42.7406;0.0;P1={1,8,11} P2={2,13} P3={3,4,5} P4={6,12,14} P5={7} P6={9,10}
22_ulysses_6.tsp;Statique;OPTIMAL;5.080000162124634;82.631;5.93;P1={1,8,16,22} P2={2,3,4,17,18} P3={5,6,15} P4={7,12,13,14} P5={9,11} P6={10,19,20,21}
22_ulysses_6.tsp;Heuristique;OPTIMAL;0.003999948501586914;1662.9446;0.0;P1={7,8,13} P2={3,10,14} P3={2,9,16,22} P4={1,11,15} P5={6,12,19,20} P6={4,5,17,18,21}
22_ulysses_6.tsp;Dualisation;OPTIMAL;29.19600009918213;116.5288;9.73;P1={1,8,16,22} P2={9,13,19} P3={5,6,14,15} P4={2,3,4,17,18} P5={7,11} P6={10,12,20,21}
22_ulysses_6.tsp;Plans Coupants;TIME_LIMIT;40.037999868392944;99.7886;37.78;P1={1,8,16,22} P2={2,3,4,17,18} P3={5,11} P4={6,9,10} P5={7,12,13,14,15} P6={19,20,21}
22_ulysses_6.tsp;Branch-and-Cut;TIME_LIMIT;40.21300005912781;161.386;85.34;P1={1,7,19} P2={2,3,16} P3={4,8,17,18,22} P4={5,11,14,15} P5={6,9,12,20} P6={10,13,21}
26_eil_6.tsp;Statique;TIME_LIMIT;40.04699993133545;620.9428;37.66;P1={1,2,3,20,22} P2={4,13,17,19} P3={5,12,15,18} P4={6,14,24,25} P5={7,8,23,26} P6={9,10,11,16,21}
26_eil_6.tsp;Heuristique;OPTIMAL;0.005000114440917969;8565.7861;0.0;P1={6,11,15,23} P2={7,10,14,18} P3={1,2,3,9,20} P4={4,12,22,25,26} P5={5,8,13,21} P6={16,17,19,24}
26_eil_6.tsp;Dualisation;TIME_LIMIT;40.06100010871887;1106.5757;53.5;P1={1,3,6,20,23} P2={4,12,14,25} P3={7,8,22,24,26} P4={2,9,16,21} P5={5,10,11,15,17} P6={13,18,19}
26_eil_6.tsp;Plans Coupants;TIME_LIMIT;40.02799987792969;611.7514;36.26;P1={1,2,3,20,22} P2={4,5,12,15,17} P3={6,14,24,25} P4={7,8,23,26} P5={9,10,11,16,21} P6={13,18,19}
26_eil_6.tsp;Branch-and-Cut;TIME_LIMIT;40.10599994659424;N/A;-;Pas de solution
30_eil_6.tsp;Statique;TIME_LIMIT;40.079999923706055;883.9702;61.02;P1={1,16,23,24} P2={2,21,22,28,30} P3={3,4,6,17,26} P4={5,13,15,20,27,29} P5={7,8,11,14,19} P6={9,10,12,18,25}
30_eil_6.tsp;Heuristique;OPTIMAL;0.006000041961669922;11662.995;0.0;P1={3,5,15,21,29} P2={6,9,17,24,25} P3={4,14,16,20,27} P4={8,11,19,26,28} P5={2,10,18,22,30} P6={1,7,12,13,23}
30_eil_6.tsp;Dualisation;TIME_LIMIT;40.0789999961853;1354.7685;67.48;P1={1,6,22,23,28} P2={8,13,15,19,20,27} P3={9,12,17,18,25,26} P4={5,16,21,29,30} P5={4,7,10,11,14} P6={2,3,24}
30_eil_6.tsp;Plans Coupants;TIME_LIMIT;40.045000076293945;910.5665;57.52;P1={1,3,22,23} P2={2,4,6,21,28,30} P3={5,13,15,20,27,29} P4={7,8,11,14,19} P5={9,10,12,17,26} P6={16,18,24,25}
30_eil_6.tsp;Branch-and-Cut;TIME_LIMIT;40.24600005149841;N/A;-;Pas de solution
34_pr_6.tsp;Statique;TIME_LIMIT;40.25100016593933;166457.7733;75.34;P1={1,2,4,23} P2={3,5,6,7,8,9,10} P3={11,12,13,14,15,16,17,18} P4={19,20,26,27,31} P5={21,22,24,25} P6={28,29,30,32,33,34}
34_pr_6.tsp;Heuristique;OPTIMAL;0.006000041961669922;2.2789359101e6;0.0;P1={8,13,23,26,29} P2={11,16,18,30,32} P3={2,17,19,24,33} P4={4,9,10,20,22,28} P5={1,6,7,14,15,25,27} P6={3,5,12,21,31,34}
34_pr_6.tsp;Dualisation;TIME_LIMIT;40.08400011062622;358350.0753;73.46;P1={1,2,4,18,19} P2={9,10,15,17,32} P3={11,12,13,14,16,25} P4={20,26,27,28,29,33,34} P5={3,5,6,7,8,30,31} P6={21,22,23,24}
34_pr_6.tsp;Plans Coupants;TIME_LIMIT;40.312999963760376;165499.8519;75.54;P1={1,2,4,23} P2={3,5,6,7,8,9,10} P3={11,12,13,14,15,16,17,18} P4={19,20,27,30,31} P5={21,22,24,25} P6={26,28,29,32,33,34}
34_pr_6.tsp;Branch-and-Cut;TIME_LIMIT;40.264999866485596;N/A;-;Pas de solution
38_rat_6.tsp;Statique;TIME_LIMIT;40.04900002479553;2388.6768;78.25;P1={1,2,3,4,10,11,12,13} P2={5,6,7,8,9,14,15} P3={16,17,18,26,27,35,36} P4={19,20,21,31,38} P5={22,28,29,30,37} P6={23,24,25,32,33,34}
38_rat_6.tsp;Heuristique;OPTIMAL;0.013000011444091797;28881.8485;0.0;P1={15,16,27,30,31,35} P2={3,5,6,23,26,32,36} P3={19,20,22,25,37} P4={1,7,9,10,18,28,38} P5={2,4,13,14,21,24} P6={8,11,12,17,29,33,34}
38_rat_6.tsp;Dualisation;TIME_LIMIT;40.19000005722046;5202.7471;79.29;P1={1,5,8,11,15,16} P2={2,3,10,12,13,14,22} P3={4,19,20,21,29} P4={27,30,31,32,33,38} P5={6,7,23,24,28,37} P6={9,17,18,25,26,34,35,36}
38_rat_6.tsp;Plans Coupants;TIME_LIMIT;40.27900004386902;2237.8601;76.32;P1={1,2,3,4,10,11,12,13} P2={5,6,14,15,23,24} P3={7,8,9,16,17,18} P4={19,20,21,22,28,31} P5={25,26,27,33,34,35,36} P6={29,30,32,37,38}
38_rat_6.tsp;Branch-and-Cut;TIME_LIMIT;42.8510000705719;N/A;-;Pas de solution
40_eil_6.tsp;Statique;TIME_LIMIT;40.10199999809265;1955.3949;76.61;P1={1,7,10,11,19,30,32} P2={2,13,21,26,27,28,40} P3={3,9,20,29,33,34,35} P4={4,12,22,23,24,25,39} P5={5,6,8,17,18,31,36} P6={14,15,16,37,38}
40_eil_6.tsp;Heuristique;OPTIMAL;0.006999969482421875;23180.5613;0.0;P1={1,2,5,17,24,36} P2={6,9,13,16,18,20,28} P3={4,19,22,23,27,29,30} P4={8,12,15,26,33,34,40} P5={10,11,21,25,35,38,39} P6={3,7,14,31,32,37}
40_eil_6.tsp;Dualisation;TIME_LIMIT;40.10000014305115;3846.4789;83.68;P1={1,11,13,31,36} P2={3,4,21,23,25,29,30,39} P3={5,14,15,16,17,38} P4={2,6,7,8,10,32} P5={18,19,20,22,35,37,40} P6={9,12,24,26,27,28,33,34}
40_eil_6.tsp;Plans Coupants;TIME_LIMIT;40.098999977111816;2465.744;82.26;P1={1,11,20,30,31,32} P2={2,4,15,21,23,25,39,40} P3={3,12,24,26,28,29,33,34} P4={5,16,17,36,37,38} P5={6,8,13,14,19,22} P6={7,9,10,18,27,35}
40_eil_6.tsp;Branch-and-Cut;TIME_LIMIT;40.79299998283386;N/A;-;Pas de solution
44_lin_6.tsp;Statique;TIME_LIMIT;40.28399991989136;46588.277;82.72;P1={1,2,3,6,7,10,11,15} P2={4,5,8,9,12,13,14} P3={16,17,18,19,25,26,28} P4={20,21,22,29,30,31,32,33} P5={23,24,27,35,36,37} P6={34,38,39,40,41,42,43,44}
44_lin_6.tsp;Heuristique;OPTIMAL;0.006999969482421875;543600.8986;0.0;P1={9,13,20,21,25,27,37} P2={22,24,29,31,36,40,43} P3={3,10,11,12,28,30,44} P4={7,8,14,19,26,32,41} P5={2,4,6,16,23,34,35,42} P6={1,5,15,17,18,33,38,39}
44_lin_6.tsp;Dualisation;TIME_LIMIT;40.31099987030029;102170.0479;88.33;P1={1,7,24,38} P2={2,3,8,9,11,13,29} P3={12,16,17,18,19,25,26,36,41} P4={4,14,34,35,37,39,40,43,44} P5={20,22,27,28,30,32,33,42} P6={5,6,10,15,21,23,31}
44_lin_6.tsp;Plans Coupants;TIME_LIMIT;40.092000007629395;45891.5491;83.39;P1={1,2,3,6,7,10,11,15} P2={4,5,9,13,14,17} P3={8,30,37,40,41,42,43,44} P4={12,34,35,38,39} P5={16,18,19,24,25,26,27,28,36} P6={20,21,22,23,29,31,32,33}
44_lin_6.tsp;Branch-and-Cut;TIME_LIMIT;40.70199990272522;N/A;-;Pas de solution
48_att_6.tsp;Statique;TIME_LIMIT;40.318000078201294;284516.3788;85.16;P1={1,8,11,20,22,23,47} P2={2,4,13,14,25,32,34,39,41} P3={3,6,7,21,28,31,36} P4={5,10,24,26,29,35,42,45,48} P5={9,12,15,16,33,38,40,46} P6={17,18,19,27,30,37,43,44}
48_att_6.tsp;Heuristique;OPTIMAL;0.00800013542175293;3.1597062104e6;0.0;P1={3,9,15,27,30,33,43,48} P2={6,12,16,17,20,29,35,46} P3={13,14,18,21,23,28,38,41} P4={1,2,8,26,31,32,37,40,44} P5={4,7,10,22,34,36,45} P6={5,11,19,24,25,39,42,47}
48_att_6.tsp;Dualisation;TIME_LIMIT;40.13199996948242;523459.2392;91.81;P1={1,9,19,22,27,31,43} P2={3,5,10,12,13,18,37,41} P3={2,8,11,23,25,38} P4={16,17,21,28,30,36,40,42,44,45,46} P5={6,7,14,15,20,32,33,34,47} P6={4,24,26,29,35,39,48}
48_att_6.tsp;Plans Coupants;TIME_LIMIT;40.079999923706055;248627.0561;83.5;P1={1,6,7,8,9,16,22,38} P2={2,3,4,5,25,29,41} P3={10,24,26,32,35,42,45} P4={11,13,14,21,34,39,48} P5={12,15,20,23,31,33,40,46,47} P6={17,18,19,27,28,30,36,37,43,44}
48_att_6.tsp;Branch-and-Cut;TIME_LIMIT;40.72099995613098;N/A;-;Pas de solution
52_berlin_6.tsp;Statique;TIME_LIMIT;40.085999965667725;51645.7477;87.22;P1={1,18,22,32,35,36,38,39,40,45,49} P2={2,3,7,17,21,42} P3={4,5,6,12,15,24,25,37,46,48} P4={8,9,10,19,33,41,43} P5={11,13,14,26,27,28,47,51,52} P6={16,20,23,29,30,31,34,44,50}
52_berlin_6.tsp;Heuristique;OPTIMAL;0.016000032424926758;642725.1406;0.0;P1={2,13,15,21,27,35,42,44} P2={6,8,16,28,31,34,36,49} P3={5,12,20,23,24,29,37,48} P4={3,9,10,26,41,46,50,52} P5={1,4,17,25,30,32,33,38,51} P6={7,11,14,18,19,22,39,40,43,45,47}
52_berlin_6.tsp;Dualisation;TIME_LIMIT;40.11300015449524;88597.1807;88.17;P1={1,2,7,20,29,30,31,35,42} P2={8,9,10,19,41,48,49} P3={4,11,15,16,25,28,37,43,46,47,51} P4={12,13,14,26,27,52} P5={3,17,21,23,32,36,40,44,45,50} P6={5,6,18,22,24,33,34,38,39}
52_berlin_6.tsp;Plans Coupants;TIME_LIMIT;40.11099982261658;62518.9307;91.05;P1={1,4,5,6,15,16,24,25,38,48} P2={2,3,7,8,9,10,19,41,45} P3={11,12,13,27,28,33,51} P4={14,26,43,47,52} P5={17,18,20,21,23,29,30,31,42,50} P6={22,32,34,35,36,37,39,40,44,46,49}
52_berlin_6.tsp;Branch-and-Cut;TIME_LIMIT;40.562999963760376;124032.4341;95.26;P1={1,3,19,32,35,36,41} P2={2,4,6,33,38,39,43} P3={5,15,24,26,27,34,37,40,46} P4={7,8,9,18,30,31,42,48,51} P5={10,11,12,14,28,29,44} P6={13,16,17,20,21,22,23,25,45,47,49,50,52}
70_st_6.tsp;Statique;TIME_LIMIT;40.121999979019165;14459.7294;95.92;P1={1,29,36,37,38,52,58,60,63,70} P2={2,6,20,24,26,27,41,46,57,59,69} P3={3,4,8,15,18,19,28,32,42,43,44} P4={5,13,14,16,22,23,31,35,39,49,53,55,66} P5={7,9,12,17,25,30,33,34,40,45,48,54,61,62,68} P6={10,11,21,47,50,51,56,64,65,67}
70_st_6.tsp;Heuristique;OPTIMAL;0.01699995994567871;106297.4834;0.0;P1={12,16,21,23,26,41,52,55,60,61,63,64} P2={20,25,27,29,33,50,59,62,65,66,68,69} P3={1,9,18,19,32,37,40,42,45,47,54} P4={3,4,7,10,11,30,34,35,38,43,56,70} P5={2,5,8,13,15,17,24,31,36,39,44,57} P6={6,14,22,28,46,48,49,51,53,58,67}
70_st_6.tsp;Dualisation;TIME_LIMIT;40.193000078201294;19989.5662;91.79;P1={1,20,26,41,50,52,56,59,60,61} P2={4,7,14,15,17,19,25,29,30,32,37,42,43,44,53} P3={2,6,24,33,35,49,57,69} P4={3,5,9,10,21,34,39,40,46,48,62} P5={8,11,23,28,38,45,51,55,58,67,68} P6={12,13,16,18,22,27,31,36,47,54,63,64,65,66,70}
70_st_6.tsp;Plans Coupants;TIME_LIMIT;40.138999938964844;14321.7666;94.85;P1={1,2,3,4,5,6,7,18,19,26,32,41,57} P2={8,9,12,25,27,34,40,44,52,54,55,61,68} P3={10,11,21,33,48,50,51,56,58,64,67} P4={13,15,24,28,29,31,36,49,60,66} P5={14,16,22,23,35,37,38,47,53,59,62,69,70} P6={17,20,30,39,42,43,45,46,63,65}
70_st_6.tsp;Branch-and-Cut;TIME_LIMIT;40.29900002479553;N/A;-;Pas de solution
80_gr_6.tsp;Statique;TIME_LIMIT;40.20199990272522;10404.0034;97.21;P1={1,2,3,30,31,32,35,36,37,38,39} P2={4,5,6,7,8,9,12,13,14,16,29,33,44} P3={10,22,27,49,51,56,58,63,66,68,69} P4={11,25,34,40,41,42,43,45,46,47,48,50,52,54,57,76} P5={15,17,18,19,20,21,24,55,60,61,65,67,74,79} P6={23,26,28,53,59,62,64,70,71,72,73,75,77,78,80}
80_gr_6.tsp;Heuristique;OPTIMAL;0.031999826431274414;85090.6963;0.0;P1={3,11,18,19,25,27,41,46,51,57,60,63,71,75} P2={22,28,36,43,45,47,48,53,65,67,68,72,73,76} P3={7,8,14,21,23,26,30,32,37,49,52,74,79} P4={1,4,5,12,16,33,40,50,56,58,61,70,80} P5={2,6,10,15,17,20,29,31,35,39,42,59,77} P6={9,13,24,34,38,44,54,55,62,64,66,69,78}
80_gr_6.tsp;Dualisation;TIME_LIMIT;40.144999980926514;15327.5955;93.63;P1={1,4,5,9,12,29,31,32,36,69} P2={2,13,16,25,26,27,28,30,43,60,64,65,66,68,71,72,73,75,76} P3={3,6,8,15,18,22,33,46,50,51} P4={7,10,11,34,35,37,39,40,45,47,48,56,57,61,70} P5={14,17,19,20,21,23,24,54,59,62,67,74,77,78,80} P6={38,41,42,44,49,52,53,55,58,63,79}
80_gr_6.tsp;Plans Coupants;TIME_LIMIT;40.16700005531311;11409.5747;96.98;P1={1,3,4,5,6,7,8,9,10,12,13,14,15,16,17} P2={2,11,21,30,31,66,69,71,74,76,77,80} P3={18,64,65,68,70,72,73,75,78,79} P4={19,49,51,52,53,54,55,56,58,59,60,61,62,63,67} P5={20,36,37,38,39,40,41,42,44,45,46,48,50} P6={22,23,24,25,26,27,28,29,32,33,34,35,43,47,57}
80_gr_6.tsp;Branch-and-Cut;TIME_LIMIT;40.60700011253357;N/A;-;Pas de solution
100_kroA_6.tsp;Statique;TIME_LIMIT;40.26900005340576;971224.7979;96.47;P1={1,5,11,21,23,32,45,47,53,59,77,84,87,91,92,98,99} P2={2,13,25,31,34,39,40,41,49,55,64,82,85,100} P3={3,7,14,20,27,29,30,33,35,43,46,67,68,71,81,83,96} P4={4,6,10,16,17,19,24,36,38,56,63,66,70,75,79,88,90,94} P5={8,9,26,28,37,42,50,51,54,62,69,74,76,80,89,93,95,97} P6={12,15,18,22,44,48,52,57,58,60,61,65,72,73,78,86}
100_kroA_6.tsp;Heuristique;OPTIMAL;0.03800010681152344;7.1297687442e6;0.0;P1={10,12,19,22,24,26,30,42,45,52,53,56,67,82,85,88,98,99} P2={3,15,33,35,36,43,46,47,48,58,61,74,77,79,87,96} P3={1,18,44,50,51,54,55,57,62,63,69,71,72,90,91,93} P4={6,7,8,21,32,60,64,70,73,75,76,78,80,84,92,100} P5={4,13,17,23,25,27,31,34,37,49,66,81,83,89,94,95,97} P6={2,5,9,11,14,16,20,28,29,38,39,40,41,59,65,68,86}
100_kroA_6.tsp;Dualisation;TIME_LIMIT;40.37299990653992;1.4018806189e6;97.88;P1={1,2,25,27,38,40,77,79,90,94,98} P2={6,8,13,16,23,24,36,37,50,56,63,65,66,67,74,89} P3={5,7,11,12,18,22,28,31,55,58,61,64,69,72,76,80,82,95,97,100} P4={4,14,17,20,29,30,34,39,41,46,47,52,54,59,60,68,71,85} P5={10,15,21,26,32,33,35,42,43,45,53,57,70,73,78,81,86,88,91,96} P6={3,9,19,44,48,49,51,62,75,83,84,87,92,93,99}
100_kroA_6.tsp;Plans Coupants;TIME_LIMIT;40.246999979019165;1.0458964404e6;96.12;P1={1,6,8,10,15,18,23,24,26,42,49,56,60,63,65,70,72,92,93,99} P2={2,5,7,13,27,33,34,40,44,50,55,58,64,68,87,95} P3={3,4,25,29,30,41,43,46,48,51,62,71,85,96,100} P4={9,12,22,32,39,47,66,69,73,80,82,83} P5={11,14,16,19,20,28,31,35,37,52,54,57,61,75,76,78,81,86,88,89,90} P6={17,21,36,38,45,53,59,67,74,77,79,84,91,94,97,98}
100_kroA_6.tsp;Branch-and-Cut;TIME_LIMIT;40.5939998626709;N/A;-;Pas de solution
202_gr_6.tsp;Statique;TIME_LIMIT;41.055999994277954;47261.808;99.04;P1={1,3,4,5,8,35,70,71,137,142,177} P2={2,6,7,9,11,17,20,22,23,24,25,26,27,30,36,37,38,39,41,43,51,55,59,60,64,65,66,67,68,73,74,76,77,81,82,84,85,86,87,90,92,113,128,147} P3={10,15,16,18,21,32,33,34,42,44,45,46,48,50,69,72,75,78,88,91,93,99,100,101,102,104,112,114,117,119,121,123,125,130,131,140,168} P4={12,13,14,19,28,31,47,49,52,53,54,56,57,58,61,62,63,80,89,94,95,103,105,109,111,116,118,120,124,126,129,135,138,139,144,146,151,152,160,173} P5={29,40,79,83,96,97,98,107,108,110,115,122,127,132,133,134,136,143,145,156,157,159,162,163,164,166,167,170,171,180,181,183,185,186,189,191,192,194,196,199,200} P6={106,141,148,149,150,153,154,155,158,161,165,169,172,174,175,176,178,179,182,184,187,188,190,193,195,197,198,201,202}
202_gr_6.tsp;Heuristique;OPTIMAL;0.07999992370605469;263585.2646;0.0;P1={8,9,13,22,24,35,39,46,49,50,51,54,59,72,85,99,106,110,111,113,132,143,145,158,160,161,163,174,175,178,184,185,195} P2={5,11,12,20,31,41,44,53,56,57,60,68,70,78,92,97,98,103,104,112,127,137,139,147,159,164,167,170,183,189,190,197,201} P3={1,15,23,25,52,55,58,61,63,65,71,74,77,83,87,88,96,100,102,114,117,120,123,125,128,134,141,142,151,168,171,172,179,182,188,194,202} P4={3,17,18,19,27,28,36,62,66,67,75,76,79,81,84,91,108,115,119,121,124,126,131,133,135,165,169,180,181,186,191,196,200} P5={2,14,26,29,30,33,37,38,40,43,69,73,82,89,94,95,105,107,118,122,129,136,138,149,150,153,156,157,166,177,187,192,199} P6={4,6,7,10,16,21,32,34,42,45,47,48,64,80,86,90,93,101,109,116,130,140,144,146,148,152,154,155,162,173,176,193,198}
202_gr_6.tsp;Dualisation;TIME_LIMIT;41.46199989318848;N/A;-;Pas de solution
202_gr_6.tsp;Plans Coupants;TIME_LIMIT;41.12599992752075;49727.0091;99.56;P1={1,2,4,7,9,17,21,23,29,43,54,55,63,69,82,96,97,98,102,105,110,126,136,138,144,145,148,151,157,161,175,177,183,187} P2={3,5,6,8,10,12,15,16,18,20,22,24,25,26,31,34,36,39,46,48,51,56,60,64,66,68,80,94,100,101,106,108,122,130,132,133,140,143,190} P3={11,13,14,19,30,33,37,41,44,45,53,57,65,71,73,88,109,112,117,118,124,127,134,142,146,150,166,169,178,182,192,194,195} P4={27,32,42,47,49,58,61,67,72,74,75,86,92,99,103,113,114,121,125,149,152,156,160,167,173,174,176,179,188,196,200} P5={28,38,52,62,70,76,78,79,85,91,93,95,115,116,120,123,128,131,153,154,155,162,163,165,168,180,184,185,186,189,191,193,198,199} P6={35,40,50,59,77,81,83,84,87,89,90,104,107,111,119,129,135,137,139,141,147,158,159,164,170,171,172,181,197,201,202}
202_gr_6.tsp;Branch-and-Cut;TIME_LIMIT;41.069000005722046;N/A;-;Pas de solution
318_lin_6.tsp;Statique;TIME_LIMIT;42.492000102996826;1.51174951018e7;99.98;P1={1,3,7,9,11,20,23,25,30} P2={2,5,6,8,10,14,16,27,29,31,32,34,37,41,45,48,51,52,54,57,58,59,60,61,64,66,71,73,75,76,80,81,82,85,86,89,90,91,92,93,98,106,111,113,114,118,119,120,121,125,127,131,132,137,138,141,147,148,155,156,159,161,162,164,168,170,174,176,177,182,185,192,211} P3={4,12,15,17,18,19,21,38,40,42,43,44,46,56,62,63,67,68,72,77,83,84,88,96,97,101,105,110,126,129,134,135,140,143,144,145,149,153,154,158,160,166,167,169,171,175,178,179,180,181,186,187,191,194,196,202,204,207,218,224} P4={13,22,24,26,28,33,47,49,50,65,69,70,74,78,79,87,94,95,99,102,104,107,112,116,117,122,123,124,128,130,136,139,146,152,163,165,172,173,183,184,189,198,200,205,212,214,216,220,226,231,233,240,243,244,248,249,251,252,254,255,258,260,264,270,287,299} P5={35,36,39,53,100,108,109,115,133,142,150,151,157,188,190,193,195,197,201,206,208,209,213,227,229,232,237,239,241,245,246,247,250,253,256,261,262,263,265,269,272,274,284,285,286,291,294,297,298,300,304,305,309,311,312,315,316,317} P6={55,103,199,203,210,215,217,219,221,222,223,225,228,230,234,235,236,238,242,257,259,266,267,268,271,273,275,276,277,278,279,280,281,282,283,288,289,290,292,293,295,296,301,302,303,306,307,308,310,313,314,318}
318_lin_6.tsp;Heuristique;OPTIMAL;0.25799989700317383;7.78161946413e7;0.0;P1={9,12,20,24,27,30,35,42,47,57,58,61,69,97,101,107,111,126,128,132,143,144,147,148,157,158,166,174,184,186,187,188,196,209,210,211,215,217,240,241,246,247,250,260,266,274,276,298,300,312,314,318} P2={1,11,23,32,41,44,48,70,71,76,77,79,82,84,96,103,109,112,119,134,146,149,151,161,164,179,190,191,198,199,200,216,219,226,227,230,232,242,243,253,255,258,261,265,269,271,275,282,283,305,307,316} P3={2,3,8,15,19,51,53,54,55,60,68,80,83,86,90,91,92,94,98,105,114,115,120,129,137,141,153,154,155,160,172,178,180,197,202,203,204,207,212,221,235,254,256,257,263,264,267,278,280,281,289,290,296,299,302,306,315,317} P4={4,6,13,14,16,17,31,38,45,50,52,56,59,66,67,73,74,78,85,89,99,108,122,123,139,140,142,156,162,163,165,168,175,182,206,213,218,220,222,225,238,244,268,270,272,277,279,286,288,295,301,303} P5={5,22,26,28,33,34,37,43,49,63,64,81,87,88,93,100,104,110,121,124,127,130,131,138,150,152,167,173,177,181,185,192,193,205,223,224,228,229,233,234,236,248,251,259,284,285,287,294,309,310,311,313} P6={7,10,18,21,25,29,36,39,40,46,62,65,72,75,95,102,106,113,116,117,118,125,133,135,136,145,159,169,170,171,176,183,189,194,195,201,208,214,231,237,239,245,249,252,262,273,291,292,293,297,304,308}
318_lin_6.tsp;Dualisation;TIME_LIMIT;42.98699998855591;N/A;-;Pas de solution
318_lin_6.tsp;Plans Coupants;TIME_LIMIT;43.450000047683716;1.61247782652e7;99.98;P1={1,3,6,7,9,10,12,15,20,21,22,23,25,30,40,83,103,122,145,155,165,182,185,191,211,221,238,251,253,262,277,278,279,285,287,291,292,294,298,307,308,312,313,314,316} P2={2,38,46,50,59,72,84,92,96,98,100,115,125,129,140,141,149,152,154,157,159,163,175,176,179,189,194,196,212,226,227,229,261,271,273,281,284,300,303,304,305,309} P3={4,24,28,34,39,43,44,48,49,55,93,102,106,113,116,120,123,128,150,162,167,170,172,173,174,177,193,208,213,215,235,239,244,257,267,274,296,297,302,311,317} P4={5,13,17,18,29,37,42,45,52,56,58,61,69,73,78,80,88,91,95,108,124,126,137,139,164,197,209,219,222,223,225,232,240,242,248,249,250,252,254,258,260,264,266,269,276,290,306,315} P5={8,14,32,35,36,53,54,63,67,71,77,81,82,85,87,94,97,99,101,104,110,118,119,131,133,134,142,143,146,148,158,166,168,187,190,198,199,206,210,214,217,228,230,236,237,255,265,268,270,272,275,280,282,283,286,293,299,301,310,318} P6={11,16,19,26,27,31,33,41,47,51,57,60,62,64,65,66,68,70,74,75,76,79,86,89,90,105,107,109,111,112,114,117,121,127,130,132,135,136,138,144,147,151,153,156,160,161,169,171,178,180,181,183,184,186,188,192,195,200,201,202,203,204,205,207,216,218,220,224,231,233,234,241,243,245,246,247,256,259,263,288,289,295}
318_lin_6.tsp;Branch-and-Cut;TIME_LIMIT;42.44600009918213;N/A;-;Pas de solution
400_rd_6.tsp;Statique;TIME_LIMIT;47.073999881744385;7.0291846895e6;99.99;P1={1,2,3,4,8,10,12,13,14,23,31,34,38,47,48,50,54,55,61,66,71,77,86,89,97,102,105,120,125,129,140,144,146,148,156,157,164,168,182,185,189,190,197,215,217,223,232,238,243,260,264,267,268,269,272,286,291,293,309,316,326,333,334,342,345,350,352,359,367,379,381,385,389,394,395,398,399} P2={5,6,7,9,11,18,24,35,41,52,53,59,63,72,75,78,83,85,87,96,100,108,121,123,128,130,138,152,153,160,161,166,171,174,176,180,183,184,192,196,200,201,206,210,216,221,225,228,231,233,236,241,244,245,251,265,274,285,296,302,303,322,327,328,340,344,348,349,353,355,357,373,377,397} P3={15,17,21,29,33,43,46,49,58,64,65,70,73,79,88,90,91,93,99,115,116,127,136,141,142,158,173,187,188,194,195,202,205,219,226,230,246,248,252,259,263,266,277,280,298,311,313,324,338,358,369,371,374,376,384,388,391,393} P4={16,19,22,30,32,56,74,81,92,111,118,119,124,132,135,137,145,150,151,154,169,170,186,193,198,208,209,239,240,250,261,262,271,278,279,282,283,290,292,297,300,305,310,314,320,325,332,335,360,364,368,370,375,378,382,386,390} P5={20,26,27,28,36,37,39,57,60,62,68,69,76,84,101,104,110,112,114,117,133,139,143,147,155,159,162,165,172,175,177,179,191,204,212,222,227,234,235,242,247,256,257,258,273,281,287,288,307,318,329,330,331,341,343,346,347,351,362,363,365,387,396,400} P6={25,40,42,44,45,51,67,80,82,94,95,98,103,106,107,109,113,122,126,131,134,149,163,167,178,181,199,203,207,211,213,214,218,220,224,229,237,249,253,254,255,270,275,276,284,289,294,295,299,301,304,306,308,312,315,317,319,321,323,336,337,339,354,356,361,366,372,380,383,392}
400_rd_6.tsp;Heuristique;OPTIMAL;0.42100000381469727;3.52471277615e7;0.0;P1={34,37,40,41,42,52,58,60,61,63,80,85,102,105,110,116,117,121,129,133,135,144,145,156,165,170,171,174,176,178,195,201,214,220,227,228,230,234,238,239,241,245,258,263,271,274,293,305,308,311,317,319,322,333,337,345,346,347,357,362,373,382,384,389,390,392} P2={5,14,24,43,48,57,65,69,78,79,82,88,95,97,111,114,123,124,127,130,136,147,150,151,152,153,164,179,180,182,188,191,196,199,202,211,225,231,237,240,247,250,257,259,262,264,272,275,285,290,309,312,313,314,323,329,330,336,343,352,358,361,366,367,368,369,370,379,391,393,400} P3={1,9,11,12,13,27,29,30,33,56,71,73,74,81,86,94,106,112,115,122,137,138,158,160,173,177,181,184,189,190,203,207,208,215,232,236,243,246,251,254,255,256,265,266,277,278,279,291,299,325,326,334,341,344,353,364,365,372,377,383,387,394,396,397,399} P4={2,3,4,8,16,17,18,25,28,31,32,36,46,59,62,64,67,68,83,89,98,99,103,108,118,119,120,126,141,142,143,161,183,185,186,192,193,210,212,213,221,226,235,242,248,252,273,276,280,281,282,286,288,294,302,306,307,320,335,338,339,349,351,356,375,385} P5={7,10,19,20,22,23,35,38,44,49,54,66,70,72,75,84,87,90,100,104,128,131,134,146,149,154,155,157,162,166,167,172,187,194,197,198,200,216,217,244,249,253,261,267,283,284,287,289,295,296,298,300,310,316,324,332,342,350,359,360,363,371,374,376,378,398} P6={6,15,21,26,39,45,47,50,51,53,55,76,77,91,92,93,96,101,107,109,113,125,132,139,140,148,159,163,168,169,175,204,205,206,209,218,219,222,223,224,229,233,260,268,269,270,292,297,301,303,304,315,318,321,327,328,331,340,348,354,355,380,381,386,388,395}
400_rd_6.tsp;Dualisation;TIME_LIMIT;44.64500021934509;N/A;-;Pas de solution
400_rd_6.tsp;Plans Coupants;TIME_LIMIT;49.02300000190735;7.5060180265e6;99.99;P1={1,4,8,12,18,22,25,45,58,84,97,101,105,118,136,160,162,168,170,183,187,191,228,229,236,245,250,251,252,255,283,294,295,297,303,307,317,322,324,328,336,341,347,349,368,377} P2={2,16,17,23,29,32,34,37,43,46,50,52,55,69,70,71,80,86,92,95,104,111,121,122,123,126,129,130,131,137,140,141,143,145,146,147,154,156,163,165,195,201,202,203,204,207,212,213,215,216,218,223,233,238,242,247,254,261,263,264,269,279,282,285,286,296,302,308,310,313,315,316,321,323,326,330,338,345,346,358,367,371,378,387,392,394,399} P3={3,6,19,27,28,36,38,39,49,54,73,79,82,85,91,96,98,109,110,112,113,119,120,128,139,155,159,161,166,169,171,172,174,175,176,179,180,181,188,190,193,199,200,208,210,211,214,217,226,240,241,243,244,256,258,260,262,265,273,274,280,281,284,287,292,299,300,304,305,309,318,319,325,329,332,334,339,340,344,351,355,357,359,361,362,365,366,375,376,380,383,386,390,393} P4={5,7,9,10,11,15,31,35,41,48,51,53,59,60,61,81,87,88,89,100,106,107,114,115,117,124,125,133,144,152,164,173,177,184,185,186,194,197,205,206,227,234,235,257,259,266,267,268,277,288,293,298,314,331,333,335,337,352,353,356,360,369,372,374,385,388,389,391,395,396,398} P5={13,14,20,21,24,30,33,42,62,64,66,67,72,76,83,90,93,102,116,127,132,135,138,142,150,153,157,158,189,192,198,209,219,220,221,231,239,246,253,270,271,272,276,289,290,291,320,327,350,354,363,364,381,382,384} P6={26,40,44,47,56,57,63,65,68,74,75,77,78,94,99,103,108,134,148,149,151,167,178,182,196,222,224,225,230,232,237,248,249,275,278,301,306,311,312,342,343,348,370,373,379,397,400}
400_rd_6.tsp;Branch-and-Cut;TIME_LIMIT;44.461000204086304;N/A;-;Pas de solution
10_ulysses_3.tsp;Statique;OPTIMAL;0.27300000190734863;54.3548;0.0;P1={1,5,8} P2={2,3,4} P3={6,7,9,10}
10_ulysses_3.tsp;Heuristique;OPTIMAL;0.5769999027252197;280.9343;0.0;P1={3,5,9} P2={6,8,10} P3={1,2,4,7}
10_ulysses_3.tsp;Dualisation;OPTIMAL;0.44500017166137695;136.9953;0.0;P1={1,2,3,10} P2={4,6,7,8} P3={5,9}
10_ulysses_3.tsp;Plans Coupants;OPTIMAL;1.812999963760376;136.9953;8.64;P1={1,2,3,10} P2={4,6,7,8} P3={5,9}
10_ulysses_3.tsp;Branch-and-Cut;OPTIMAL;1.5950000286102295;136.9953;0.0;P1={1,2,3,10} P2={4,6,7,8} P3={5,9}
14_burma_3.tsp;Statique;OPTIMAL;0.08100008964538574;66.2137;0.0;P1={1,2,8,9,10,11} P2={3,4,12,14} P3={5,6,7,13}
14_burma_3.tsp;Heuristique;OPTIMAL;0.0010001659393310547;288.1917;0.0;P1={1,3,9,10,13} P2={4,6,7,8,11} P3={2,5,12,14}
14_burma_3.tsp;Dualisation;OPTIMAL;0.2349998950958252;93.39;7.31;P1={1,8,9,10,11} P2={3,4,5,6,7} P3={2,12,13,14}
14_burma_3.tsp;Plans Coupants;OPTIMAL;1.1079998016357422;93.39;0.0;P1={1,8,9,10,11} P2={2,12,13,14} P3={3,4,5,6,7}
14_burma_3.tsp;Branch-and-Cut;OPTIMAL;0.997999906539917;93.39;0.0;P1={1,8,9,10,11} P2={2,12,13,14} P3={3,4,5,6,7}
22_ulysses_3.tsp;Statique;OPTIMAL;0.37199997901916504;284.2098;0.0;P1={1,2,3,4,8,16,17,18,22} P2={5,6,9,11,15} P3={7,10,12,13,14,19,20,21}
22_ulysses_3.tsp;Heuristique;OPTIMAL;0.0019998550415039062;1311.1773;0.0;P1={7,11,12,13,16,17,20} P2={3,4,5,6,10,14,18,19} P3={1,2,8,9,15,21,22}
22_ulysses_3.tsp;Dualisation;OPTIMAL;1.5209999084472656;358.6368;9.38;P1={1,2,3,4,8,16,17,18} P2={5,6,9,11,15,21} P3={7,10,12,13,14,19,20,22}
22_ulysses_3.tsp;Plans Coupants;OPTIMAL;18.324999809265137;359.0654;8.91;P1={1,2,3,4,8,16,17,18} P2={5,6,7,9,11,19} P3={10,12,13,14,15,20,21,22}
22_ulysses_3.tsp;Branch-and-Cut;OPTIMAL;9.044999837875366;358.6368;9.86;P1={1,2,3,4,8,16,17,18} P2={5,6,9,11,15,21} P3={7,10,12,13,14,19,20,22}
26_eil_3.tsp;Statique;OPTIMAL;18.412999868392944;1850.4197;8.8;P1={1,2,3,9,11,16,20,21,22} P2={4,5,10,12,13,15,17,18,19} P3={6,7,8,14,23,24,25,26}
26_eil_3.tsp;Heuristique;OPTIMAL;0.005000114440917969;6696.8484;0.0;P1={5,8,9,10,14,19,22,23,26} P2={1,7,12,13,17,18,20,21,25} P3={2,3,4,6,11,15,16,24}
26_eil_3.tsp;Dualisation;TIME_LIMIT;40.04099988937378;2378.6072;33.18;P1={1,2,3,9,11,16,20,21,22,26} P2={4,5,10,12,15,17,18,19} P3={6,7,8,13,14,23,24,25}
26_eil_3.tsp;Plans Coupants;TIME_LIMIT;40.03200006484985;1875.6624;16.66;P1={1,6,7,8,22,23,24,26} P2={2,3,5,9,10,11,16,20,21} P3={4,12,13,14,15,17,18,19,25}
26_eil_3.tsp;Branch-and-Cut;TIME_LIMIT;40.605000019073486;2679.2265;50.96;P1={1,4,5,10,15,17,18,19} P2={2,3,7,9,11,12,16,20,21,22} P3={6,8,13,14,23,24,25,26}
30_eil_3.tsp;Statique;TIME_LIMIT;40.27499985694885;2699.5363;37.53;P1={1,3,9,16,17,18,23,24,25} P2={2,4,5,6,15,20,21,22,28,29,30} P3={7,8,10,11,12,13,14,19,26,27}
30_eil_3.tsp;Heuristique;OPTIMAL;0.005000114440917969;9275.9244;0.0;P1={1,2,3,4,7,10,14,20,21,25} P2={6,9,12,17,22,23,24,27,28,30} P3={5,8,11,13,15,16,18,19,26,29}
30_eil_3.tsp;Dualisation;TIME_LIMIT;40.068000078201294;3354.5979;45.12;P1={1,9,10,12,17,18,23,24,25} P2={2,6,15,16,20,21,22,26,28,29,30} P3={3,4,5,7,8,11,13,14,19,27}
30_eil_3.tsp;Plans Coupants;TIME_LIMIT;40.28800010681152;2699.5363;36.15;P1={1,3,9,16,17,18,23,24,25} P2={2,4,5,6,15,20,21,22,28,29,30} P3={7,8,10,11,12,13,14,19,26,27}
30_eil_3.tsp;Branch-and-Cut;TIME_LIMIT;40.19500017166138;3656.4639;66.14;P1={1,2,3,5,13,19,20,21,22,28,30} P2={4,6,7,8,12,15,16,26,27,29} P3={9,10,11,14,17,18,23,24,25}
34_pr_3.tsp;Statique;TIME_LIMIT;40.043999910354614;493480.2457;33.01;P1={1,2,3,4,5,21,22,23,24,25} P2={6,7,8,9,10,11,12,13,14,15,16,17,18} P3={19,20,26,27,28,29,30,31,32,33,34}
34_pr_3.tsp;Heuristique;OPTIMAL;0.0;1.8580771618e6;0.0;P1={6,7,8,10,11,17,18,19,22,23,24,25} P2={4,15,16,20,21,27,28,29,30,31,32} P3={1,2,3,5,9,12,13,14,26,33,34}
34_pr_3.tsp;Dualisation;TIME_LIMIT;40.062000036239624;693633.9885;50.81;P1={1,3,6,21,22,23,24,25,27} P2={10,19,20,26,28,29,30,31,32,33,34} P3={2,4,5,7,8,9,11,12,13,14,15,16,17,18}
34_pr_3.tsp;Plans Coupants;TIME_LIMIT;40.039000034332275;495535.3595;35.61;P1={1,2,3,4,21,22,23,24,25} P2={5,19,20,26,27,28,29,30,31,32,33,34} P3={6,7,8,9,10,11,12,13,14,15,16,17,18}
34_pr_3.tsp;Branch-and-Cut;TIME_LIMIT;40.16000008583069;804674.1007;67.6;P1={1,2,3,4,22,23,24,25} P2={5,6,7,8,9,11,12,13,15,17,19,21,27,29} P3={10,14,16,18,20,26,28,30,31,32,33,34}
38_rat_3.tsp;Statique;TIME_LIMIT;40.152000188827515;6633.3406;63.68;P1={1,2,3,4,5,6,10,11,12,13,14,15,22,23} P2={7,8,9,16,17,18,24,25,26,27,34,35,36} P3={19,20,21,28,29,30,31,32,33,37,38}
38_rat_3.tsp;Heuristique;OPTIMAL;0.005000114440917969;23183.9378;0.0;P1={2,4,7,13,14,15,16,21,25,27,30,33} P2={6,10,11,12,17,23,24,26,29,32,34,35,36} P3={1,3,5,8,9,18,19,20,22,28,31,37,38}
38_rat_3.tsp;Dualisation;TIME_LIMIT;40.05299997329712;9107.9251;61.97;P1={1,2,3,4,5,10,11,12,13,14,19,37} P2={6,7,8,9,15,16,17,18,22,23,25,26,27} P3={20,21,24,28,29,30,31,32,33,34,35,36,38}
38_rat_3.tsp;Plans Coupants;TIME_LIMIT;40.05299997329712;6902.35;51.25;P1={1,2,3,4,5,6,10,11,12,13,14,28} P2={7,8,9,15,16,17,18,23,24,25,26,27,35,36} P3={19,20,21,22,29,30,31,32,33,34,37,38}
38_rat_3.tsp;Branch-and-Cut;TIME_LIMIT;40.25500011444092;N/A;-;Pas de solution
40_eil_3.tsp;Statique;TIME_LIMIT;40.06099987030029;5526.404;65.83;P1={1,7,9,10,11,19,20,30,31,32,33,34,35,36} P2={2,5,6,8,13,14,15,16,17,18,27,37,38} P3={3,4,12,21,22,23,24,25,26,28,29,39,40}
40_eil_3.tsp;Heuristique;OPTIMAL;0.003999948501586914;18951.2812;0.0;P1={2,5,6,8,12,13,15,17,24,36,38,39,40} P2={9,10,11,16,18,19,20,22,23,25,28,29,35} P3={1,3,4,7,14,21,26,27,30,31,32,33,34,37}
40_eil_3.tsp;Dualisation;TIME_LIMIT;40.115999937057495;8310.7978;73.41;P1={1,7,9,10,12,13,15,21,22,26,31,32,33,40} P2={3,4,14,20,23,24,25,27,28,29,34,35,37,39} P3={2,5,6,8,11,16,17,18,19,30,36,38}
40_eil_3.tsp;Plans Coupants;TIME_LIMIT;40.051000118255615;5644.3438;65.74;P1={1,3,9,12,20,24,28,29,30,32,33,34,35} P2={2,4,13,14,15,21,22,23,25,26,37,38,39,40} P3={5,6,7,8,10,11,16,17,18,19,27,31,36}
40_eil_3.tsp;Branch-and-Cut;TIME_LIMIT;40.17799997329712;N/A;-;Pas de solution
44_lin_3.tsp;Statique;TIME_LIMIT;40.05900001525879;131015.7358;60.21;P1={1,2,3,6,7,10,11,15,20,21,22,23,29,30,31,32} P2={4,5,8,9,12,13,14,16,17,18,19,24,25,26,27,28} P3={33,34,35,36,37,38,39,40,41,42,43,44}
44_lin_3.tsp;Heuristique;OPTIMAL;0.00800013542175293;436263.4751;0.0;P1={1,2,4,6,7,8,9,14,16,21,29,32,39,40,42} P2={3,5,12,13,19,23,24,25,27,31,33,34,35,41,43} P3={10,11,15,17,18,20,22,26,28,30,36,37,38,44}
44_lin_3.tsp;Dualisation;TIME_LIMIT;40.03699994087219;192582.1819;74.35;P1={1,2,6,7,9,10,11,12,16,20,21,22,27,29,40} P2={5,8,13,14,15,17,18,19,23,24,28,30,32,33,37} P3={3,4,25,26,31,34,35,36,38,39,41,42,43,44}
44_lin_3.tsp;Plans Coupants;TIME_LIMIT;40.040000200271606;131015.7358;64.3;P1={1,2,3,6,7,10,11,15,20,21,22,23,29,30,31,32} P2={4,5,8,9,12,13,14,16,17,18,19,24,25,26,27,28} P3={33,34,35,36,37,38,39,40,41,42,43,44}
44_lin_3.tsp;Branch-and-Cut;TIME_LIMIT;40.17799997329712;N/A;-;Pas de solution
48_att_3.tsp;Statique;TIME_LIMIT;40.06599998474121;684137.8419;71.17;P1={1,6,7,9,16,17,18,19,27,28,31,36,37,38,43,44,46} P2={2,4,5,10,24,25,26,29,32,34,35,39,41,42,45,48} P3={3,8,11,12,13,14,15,20,21,22,23,30,33,40,47}
48_att_3.tsp;Heuristique;OPTIMAL;0.007999897003173828;2.5323544917e6;0.0;P1={3,6,7,13,17,18,19,22,27,28,38,39,41,42,44,48} P2={1,2,9,10,11,14,15,20,25,26,29,30,35,36,40,46} P3={4,5,8,12,16,21,23,24,31,32,33,34,37,43,45,47}
48_att_3.tsp;Dualisation;TIME_LIMIT;40.04700016975403;1.0791890551e6;79.87;P1={1,2,7,16,17,19,20,22,31,34,35,36,37,38,39,40,42,43,46} P2={6,8,9,11,12,15,18,23,25,28,30,33,41,44,47} P3={3,4,5,10,13,14,21,24,26,27,29,32,45,48}
48_att_3.tsp;Plans Coupants;TIME_LIMIT;40.06100010871887;603074.9616;62.61;P1={1,3,8,9,11,13,14,15,16,21,22,23,25,33,34,40,41} P2={2,4,5,10,24,26,29,32,35,39,42,45,48} P3={6,7,12,17,18,19,20,27,28,30,31,36,37,38,43,44,46,47}
48_att_3.tsp;Branch-and-Cut;TIME_LIMIT;40.53200006484985;1.0215181994e6;78.32;P1={1,6,7,9,12,13,15,16,17,18,19,20,21,23,33,34,37,41,43,45} P2={2,4,5,8,10,14,24,25,26,29,32,35,38,42,48} P3={3,11,22,27,28,30,31,36,39,40,44,46,47}
52_berlin_3.tsp;Statique;TIME_LIMIT;40.069000005722046;164758.752;73.06;P1={1,4,5,6,15,16,19,24,25,34,35,36,37,39,40,43,45,46,48,49} P2={2,3,7,8,10,17,18,20,21,22,23,29,30,31,32,41,42,44,50} P3={9,11,12,13,14,26,27,28,33,38,47,51,52}
52_berlin_3.tsp;Heuristique;OPTIMAL;0.017999887466430664;515942.5276;0.0;P1={1,13,15,17,19,20,21,22,27,29,37,42,43,44,45,48} P2={4,5,6,8,10,16,24,25,26,30,31,32,33,36,40,41,49} P3={2,3,7,9,11,12,14,18,23,28,34,35,38,39,46,47,50,51,52}
52_berlin_3.tsp;Dualisation;TIME_LIMIT;40.0550000667572;222419.9015;79.11;P1={1,2,3,5,7,8,9,15,16,17,18,25,30,31,32,34,42,43,44,46,50} P2={4,6,10,19,20,21,23,24,29,35,36,38,39,41,45} P3={11,12,13,14,22,26,27,28,33,37,40,47,48,49,51,52}
52_berlin_3.tsp;Plans Coupants;TIME_LIMIT;40.05000019073486;171669.6273;75.54;P1={1,2,3,7,16,18,20,22,23,30,31,32,35,36,38,42,44,49,50} P2={4,5,6,8,9,10,15,17,19,21,24,25,34,37,39,40,41,45,46,48} P3={11,12,13,14,26,27,28,29,33,43,47,51,52}
52_berlin_3.tsp;Branch-and-Cut;TIME_LIMIT;40.170000076293945;N/A;-;Pas de solution
70_st_3.tsp;Statique;TIME_LIMIT;40.075000047683716;32495.5758;84.34;P1={1,2,5,10,13,15,16,23,24,29,31,35,36,37,38,50,52,57,58,59,69,70} P2={3,8,9,11,21,25,32,39,40,44,45,46,48,49,51,54,55,56,60,61,62,64,67,68} P3={4,6,7,12,14,17,18,19,20,22,26,27,28,30,33,34,41,42,43,47,53,63,65,66}
70_st_3.tsp;Heuristique;OPTIMAL;0.012000083923339844;86158.6571;0.0;P1={1,4,13,18,19,21,27,30,38,41,42,44,45,48,51,52,54,56,58,61,63,64,70} P2={2,3,7,10,11,12,16,20,22,26,29,31,36,43,47,49,50,55,57,59,60,65,66,69} P3={5,6,8,9,14,15,17,23,24,25,28,32,33,34,35,37,39,40,46,53,62,67,68}
70_st_3.tsp;Dualisation;TIME_LIMIT;40.10600018501282;39030.7438;87.45;P1={1,10,15,16,22,24,26,29,32,35,36,38,47,48,50,52,59,60,61,66,70} P2={2,9,11,13,18,19,20,21,25,27,28,30,34,39,40,45,46,51,55,62,65,67} P3={3,4,5,6,7,8,12,14,17,23,31,33,37,41,42,43,44,49,53,54,56,57,58,63,64,68,69}
70_st_3.tsp;Plans Coupants;TIME_LIMIT;40.07299995422363;31739.7333;84.7;P1={1,2,9,10,11,18,29,33,44,48,50,51,54,58,59,64,65,67} P2={3,6,8,12,14,17,20,21,25,26,27,28,30,32,34,39,40,41,43,45,46,49,55,61,62,68} P3={4,5,7,13,15,16,19,22,23,24,31,35,36,37,38,42,47,52,53,56,57,60,63,66,69,70}
70_st_3.tsp;Branch-and-Cut;TIME_LIMIT;40.06500005722046;N/A;-;Pas de solution
80_gr_3.tsp;Statique;TIME_LIMIT;40.08500003814697;24567.596;84.93;P1={1,2,3,4,5,6,7,8,9,10,12,13,14,29,30,31,32,33,35,38,39,44,46,51,79} P2={11,17,18,19,20,21,22,27,28,56,58,61,63,64,65,66,67,68,72,74,75,76,77,78} P3={15,16,23,24,25,26,34,36,37,40,41,42,43,45,47,48,49,50,52,53,54,55,57,59,60,62,69,70,71,73,80}
80_gr_3.tsp;Heuristique;OPTIMAL;0.016000032424926758;68004.5763;0.0;P1={1,3,4,5,22,23,28,33,36,37,38,39,40,41,43,46,47,50,55,56,58,61,63,70,71,75,80} P2={2,6,10,13,15,17,20,27,29,31,32,35,45,48,51,59,60,64,66,67,69,72,73,76,77,78} P3={7,8,9,11,12,14,16,18,19,21,24,25,26,30,34,42,44,49,52,53,54,57,62,65,68,74,79}
80_gr_3.tsp;Dualisation;TIME_LIMIT;40.105000019073486;32637.5774;89.23;P1={1,3,5,6,29,35,36,37,42,44,49,54,56,65,66,67,69,72,73,74,76,77,79,80} P2={9,11,13,15,17,18,19,20,21,22,24,25,26,27,28,30,32,33,43,46,48,52,55,58,61,63} P3={2,4,7,8,10,12,14,16,23,31,34,38,39,40,41,45,47,50,51,53,57,59,60,62,64,68,70,71,75,78}
80_gr_3.tsp;Plans Coupants;TIME_LIMIT;40.06399989128113;23848.6163;85.28;P1={1,2,3,4,5,6,7,8,9,10,11,12,29,30,31,32,33,34,35,36,38,44,45,46,51} P2={13,15,16,17,18,19,20,21,22,23,26,27,28,43,48,56,58,61,62,63,65,66,67,68,72,75,76,77,78} P3={14,24,25,37,39,40,41,42,47,49,50,52,53,54,55,57,59,60,64,69,70,71,73,74,79,80}
80_gr_3.tsp;Branch-and-Cut;TIME_LIMIT;40.062000036239624;N/A;-;Pas de solution
100_kroA_3.tsp;Statique;TIME_LIMIT;40.14299988746643;1.7640448893e6;89.83;P1={1,7,10,15,20,21,25,27,35,38,40,42,45,51,53,54,57,59,62,64,69,74,77,86,87,90,91,93,98,99} P2={2,3,5,9,12,13,14,29,30,33,34,37,39,41,43,44,46,48,50,52,55,58,61,68,71,73,76,78,81,82,83,85,95,96,100} P3={4,6,8,11,16,17,18,19,22,23,24,26,28,31,32,36,47,49,56,60,63,65,66,67,70,72,75,79,80,84,88,89,92,94,97}
100_kroA_3.tsp;Heuristique;OPTIMAL;0.01900005340576172;5.710167306e6;0.0;P1={5,9,10,12,18,19,21,22,24,26,27,28,30,40,42,45,52,55,56,60,62,64,65,67,73,76,78,80,84,90,91,93,99,100} P2={4,6,8,15,17,25,31,32,33,34,36,38,41,43,46,47,48,49,58,61,66,70,74,75,81,83,85,87,92,94,95,97,98} P3={1,2,3,7,11,13,14,16,20,23,29,35,37,39,44,50,51,53,54,57,59,63,68,69,71,72,77,79,82,86,88,89,96}
100_kroA_3.tsp;Dualisation;TIME_LIMIT;40.24600005149841;2.3979670841e6;92.44;P1={1,4,10,17,18,19,21,22,23,24,25,27,32,44,45,47,53,59,63,67,74,84,87,88,90,91,92,93,98} P2={2,3,5,7,9,12,13,14,20,26,29,30,31,33,34,35,37,39,41,51,52,55,56,60,68,71,73,76,78,82,95,96,99,100} P3={6,8,11,15,16,28,36,38,40,42,43,46,48,49,50,54,57,58,61,62,64,65,66,69,70,72,75,77,79,80,81,83,85,86,89,94,97}
100_kroA_3.tsp;Plans Coupants;TIME_LIMIT;40.123000144958496;2.5480740678e6;93.28;P1={1,4,8,10,11,17,21,22,24,26,32,36,38,48,49,52,53,59,60,62,65,66,74,77,79,80,82,84,85,86,87,88,92,94,95,97,98,99} P2={2,3,12,15,16,18,20,25,27,31,33,39,40,41,42,43,45,46,47,50,54,57,58,61,63,64,67,69,71,72,75,83,91} P3={5,6,7,9,13,14,19,23,28,29,30,34,35,37,44,51,55,56,68,70,73,76,78,81,89,90,93,96,100}
100_kroA_3.tsp;Branch-and-Cut;TIME_LIMIT;40.08400011062622;N/A;-;Pas de solution
202_gr_3.tsp;Statique;TIME_LIMIT;40.74399995803833;91591.3352;97.15;P1={1,2,3,4,5,6,7,8,9,10,11,12,13,14,15,16,17,18,19,20,21,22,23,29,31,32,34,35,39,43,46,47,48,53,54,55,59,63,64,65,66,67,68,69,70,71,72,73,75,84,93,94,99,104,106,112,123,128,131,137,141,169} P2={24,27,28,44,50,58,60,61,74,76,77,80,83,85,86,87,89,90,91,92,95,96,97,98,100,103,109,110,111,114,117,119,120,121,125,126,129,133,136,138,139,142,149,150,152,154,158,159,161,164,165,166,168,175,177,179,180,181,185,187,193,195,197} P3={25,26,30,33,36,37,38,40,41,42,45,49,51,52,56,57,62,78,79,81,82,88,101,102,105,107,108,113,115,116,118,122,124,127,130,132,134,135,140,143,144,145,146,147,148,151,153,155,156,157,160,162,163,167,170,171,172,173,174,176,178,182,183,184,186,188,189,190,191,192,194,196,198,199,200,201,202}
202_gr_3.tsp;Heuristique;OPTIMAL;0.08999991416931152;210707.4138;0.0;P1={3,8,9,13,17,18,22,24,27,28,29,30,35,36,39,47,50,51,57,58,59,62,67,69,70,75,76,79,83,85,86,91,99,106,108,111,113,115,119,121,124,126,131,132,133,135,143,145,158,160,161,163,165,169,174,175,178,180,181,184,185,186,191,195,196,200} P2={2,5,11,12,14,15,20,26,31,32,33,38,40,41,43,44,49,54,60,63,68,71,77,78,82,84,89,92,94,95,97,98,103,104,105,107,110,112,118,122,127,129,136,137,138,139,147,149,150,153,156,157,159,164,166,167,170,177,183,187,189,190,192,197,199,201} P3={1,4,6,7,10,16,19,21,23,25,34,37,42,45,46,48,52,53,55,56,61,64,65,66,72,73,74,80,81,87,88,90,93,96,100,101,102,109,114,116,117,120,123,125,128,130,134,140,141,142,144,146,148,151,152,154,155,162,168,171,172,173,176,179,182,188,193,194,198,202}
202_gr_3.tsp;Dualisation;TIME_LIMIT;41.056999921798706;96379.6564;97.26;P1={1,3,5,6,7,8,10,11,13,15,16,18,19,21,22,24,25,26,31,36,37,38,40,41,42,43,45,46,47,48,49,51,65,67,71,72,73,84,85,95,98,99,103,104,109,110,119,120,125,126,133,138,142,150,152,154,185,187,197} P2={9,14,17,30,32,33,34,63,66,69,70,86,87,94,102,107,108,111,113,114,115,116,117,118,121,122,123,124,127,128,129,130,132,134,135,136,139,140,143,144,145,146,147,148,149,151,153,155,156,157,160,162,163,164,165,166,167,168,170,171,172,173,174,175,176,178,179,180,182,183,184,186,188,189,190,191,192,193,194,195,196,198,199,200,201} P3={2,4,12,20,23,27,28,29,35,39,44,50,52,53,54,55,56,57,58,59,60,61,62,64,68,74,75,76,77,78,79,80,81,82,83,88,89,90,91,92,93,96,97,100,101,105,106,112,131,137,141,158,159,161,169,177,181,202}
202_gr_3.tsp;Plans Coupants;TIME_LIMIT;40.58699989318848;93893.9225;96.66;P1={1,3,5,6,7,10,21,25,26,31,35,36,37,39,40,41,42,43,45,47,48,49,51,52,54,56,57,58,62,68,69,74,76,78,81,82,94,118,131,141,149,151,169,177,181,199,200,202} P2={2,4,8,9,12,14,15,19,20,22,23,24,27,28,29,30,32,33,34,38,44,46,50,53,55,59,60,61,63,64,65,66,67,70,71,72,73,75,77,79,80,83,84,85,86,87,90,91,92,95,97,99,100,103,104,105,106,107,108,117,123,128,133,143,168,185,186,187,188,201} P3={11,13,16,17,18,88,89,93,96,98,101,102,109,110,111,112,113,114,115,116,119,120,121,122,124,125,126,127,129,130,132,134,135,136,137,138,139,140,142,144,145,146,147,148,150,152,153,154,155,156,157,158,159,160,161,162,163,164,165,166,167,170,171,172,173,174,175,176,178,179,180,182,183,184,189,190,191,192,193,194,195,196,197,198}
202_gr_3.tsp;Branch-and-Cut;TIME_LIMIT;40.723000049591064;N/A;-;Pas de solution
318_lin_3.tsp;Statique;TIME_LIMIT;41.28400015830994;2.8642528852e7;99.29;P1={1,2,3,4,5,8,9,14,17,18,23,26,28,30,31,33,35,38,39,41,42,44,45,46,48,49,50,51,52,53,54,56,57,58,66,77,79,83,89,92,93,102,103,106,109,111,112,114,115,120,122,123,124,126,127,128,129,132,134,138,140,141,142,145,148,149,150,154,157,173,175,208,225,255,274} P2={6,21,36,40,43,60,69,75,84,85,91,100,144,151,165,168,169,170,171,172,174,176,177,178,179,180,181,184,185,186,187,188,189,190,191,193,194,195,196,197,198,199,200,201,202,203,204,205,207,209,210,211,212,213,214,215,216,217,218,219,220,221,222,223,224,226,227,228,229,230,231,232,234,235,237,238,239,240,241,242,243,244,245,246,247,248,249,250,251,252,253,254,256,258,259,260,261,262,263,264,265,266,268,269,270,271,273,275,276,277,278,279,281,283,284,285,286,287,288,289,290,291,292,294,295,297,298,301,302,307,313,314} P3={7,10,11,12,13,15,16,19,20,22,24,25,27,29,32,34,37,47,55,59,61,62,63,64,65,67,68,70,71,72,73,74,76,78,80,81,82,86,87,88,90,94,95,96,97,98,99,101,104,105,107,108,110,113,116,117,118,119,121,125,130,131,133,135,136,137,139,143,146,147,152,153,155,156,158,159,160,161,162,163,164,166,167,182,183,192,206,233,236,257,267,272,280,282,293,296,299,300,303,304,305,306,308,309,310,311,312,315,316,317,318}
318_lin_3.tsp;Heuristique;OPTIMAL;0.6589999198913574;6.22349339449e7;0.0;P1={4,5,6,9,12,13,14,16,17,24,27,35,38,40,42,50,51,56,57,59,60,61,63,64,65,67,69,74,77,78,85,89,96,97,99,101,107,108,111,122,123,126,128,132,139,140,142,143,144,147,148,156,158,162,163,165,166,168,174,175,182,184,186,187,188,196,206,209,210,211,213,215,217,218,220,222,225,238,240,241,244,246,247,250,255,260,266,268,270,272,274,276,277,279,286,288,295,298,300,301,303,312,314,318} P2={1,3,7,11,23,26,28,31,34,37,41,43,44,47,48,49,66,70,71,72,73,76,79,80,81,82,84,87,88,93,98,100,103,104,109,112,113,119,121,124,127,130,131,134,138,146,149,150,151,152,161,164,167,173,177,179,181,185,190,191,192,193,198,199,200,205,216,219,223,224,226,227,228,229,230,232,233,234,236,242,243,248,251,253,258,259,261,265,269,271,275,282,283,284,285,287,294,305,307,309,310,311,313,316} P3={2,8,10,15,18,19,20,21,22,25,29,30,32,33,36,39,45,46,52,53,54,55,58,62,68,75,83,86,90,91,92,94,95,102,105,106,110,114,115,116,117,118,120,125,129,133,135,136,137,141,145,153,154,155,157,159,160,169,170,171,172,176,178,180,183,189,194,195,197,201,202,203,204,207,208,212,214,221,231,235,237,239,245,249,252,254,256,257,262,263,264,267,273,278,280,281,289,290,291,292,293,296,297,299,302,304,306,308,315,317}
318_lin_3.tsp;Dualisation;TIME_LIMIT;42.37700009346008;2.071638227739e8;99.92;P1={1,2,6,8,9,11,13,15,16,23,28,29,34,35,36,48,50,52,53,57,59,61,63,67,68,71,72,73,85,86,89,92,93,94,102,104,111,113,114,115,117,121,123,126,135,138,141,148,149,151,153,157,158,162,165,172,173,175,176,178,179,185,192,193,194,195,196,199,207,209,212,216,220,221,227,233,238,247,251,253,255,256,257,258,259,261,262,265,267,268,273,274,278,279,285,292,293,299,303,306,308,311,312,316} P2={124,125,129,130,131,132,133,134,136,137,139,140,142,143,144,146,150,159,160,163,164,166,167,168,170,174,177,180,181,183,184,187,189,190,197,198,200,203,204,206,210,213,214,215,219,222,225,226,228,229,232,234,235,236,237,239,240,242,244,245,248,249,250,252,254,260,264,269,270,271,272,275,276,280,281,282,283,284,288,289,290,295,297,300,301,304,305,309,313,315,317,318} P3={3,4,5,7,10,12,14,17,18,19,20,21,22,24,25,26,27,30,31,32,33,37,38,39,40,41,42,43,44,45,46,47,49,51,54,55,56,58,60,62,64,65,66,69,70,74,75,76,77,78,79,80,81,82,83,84,87,88,90,91,95,96,97,98,99,100,101,103,105,106,107,108,109,110,112,116,118,119,120,122,127,128,145,147,152,154,155,156,161,169,171,182,186,188,191,201,202,205,208,211,217,218,223,224,230,231,241,243,246,263,266,277,286,287,291,294,296,298,302,307,310,314}
318_lin_3.tsp;Plans Coupants;TIME_LIMIT;41.6800000667572;2.78543857e7;99.39;P1={1,2,5,6,7,8,9,10,11,12,13,14,15,16,18,19,20,21,22,23,24,25,26,27,28,29,30,31,32,34,38,42,43,44,45,46,49,52,58,72,103,106,107,108,111,112,113,114,120,121,124,125,126,129,131,132,133,134,135,136,137,140,150,173,208,211,212,214,216,219,221,222,225,232,234,236,240,242,244,252,261,313,317} P2={3,17,33,35,36,37,39,40,41,47,48,50,51,53,54,55,56,57,59,60,61,62,63,65,66,67,68,69,70,71,73,74,75,76,77,78,80,81,82,83,85,86,87,89,90,92,97,99,100,101,104,105,115,116,123,144,146,147,149,152,153,157,158,159,162,163,165,171,174,176,177,179,182,183,185,186,188,190,191,193,194,196,197,200,209,210,231,238,243,246,254,256,260,265,266,267,270,273,277,278,279,280,282,284,287,288,289,290,292,293,294,296,297,298,304,305,306,307,308,309,310,312,314,316} P3={4,64,79,84,88,91,93,94,95,96,98,102,109,110,117,118,119,122,127,128,130,138,139,141,142,143,145,148,151,154,155,156,160,161,164,166,167,168,169,170,172,175,178,180,181,184,187,189,192,195,198,199,201,202,203,204,205,206,207,213,215,217,218,220,223,224,226,227,228,229,230,233,235,237,239,241,245,247,248,249,250,251,253,255,257,258,259,262,263,264,268,269,271,272,274,275,276,281,283,285,286,291,295,299,300,301,302,303,311,315,318}
318_lin_3.tsp;Branch-and-Cut;TIME_LIMIT;41.763999938964844;N/A;-;Pas de solution
400_rd_3.tsp;Statique;TIME_LIMIT;41.855000019073486;1.4041853958e7;99.81;P1={1,2,13,20,21,23,24,29,36,38,45,46,50,52,62,63,68,69,71,76,78,85,87,91,94,96,97,100,107,108,109,110,113,115,122,129,132,133,137,138,142,143,145,148,149,154,155,160,161,162,165,168,172,178,181,184,194,196,197,203,204,206,207,210,212,213,219,221,222,223,224,226,229,233,235,238,239,240,250,253,258,261,266,269,271,280,288,291,292,294,296,298,299,300,312,313,314,321,324,328,330,331,336,338,339,340,341,343,344,351,356,364,369,370,377,378,379,380,383,385,386,389,391,394,396,397,398} P2={3,9,10,12,18,22,27,33,35,39,44,48,51,53,54,60,61,65,67,70,72,79,81,82,83,90,93,95,99,101,104,106,114,117,118,119,121,126,127,131,134,135,136,141,144,150,151,156,157,166,167,169,170,171,174,175,177,179,187,189,192,193,200,201,208,211,216,218,227,237,241,242,244,246,248,249,251,255,256,259,260,264,265,267,273,276,278,283,287,290,302,303,304,305,306,307,309,310,311,317,318,319,320,322,323,325,327,332,333,342,345,347,348,349,350,352,353,354,357,358,360,362,363,366,368,371,373,384,392,395,400} P3={4,5,6,7,8,11,14,15,16,17,19,25,26,28,30,31,32,34,37,40,41,42,43,47,49,55,56,57,58,59,64,66,73,74,75,77,80,84,86,88,89,92,98,102,103,105,111,112,116,120,123,124,125,128,130,139,140,146,147,152,153,158,159,163,164,173,176,180,182,183,185,186,188,190,191,195,198,199,202,205,209,214,215,217,220,225,228,230,231,232,234,236,243,245,247,252,254,257,262,263,268,270,272,274,275,277,279,281,282,284,285,286,289,293,295,297,301,308,315,316,326,329,334,335,337,346,355,359,361,365,367,372,374,375,376,381,382,387,388,390,393,399}
400_rd_3.tsp;Heuristique;OPTIMAL;0.43400001525878906;2.82407207827e7;0.0;P1={2,3,4,8,16,17,18,20,25,28,31,32,36,39,40,41,43,45,46,47,52,59,60,62,64,67,69,75,80,81,83,88,98,99,102,103,105,108,110,116,117,118,119,120,121,126,129,133,135,139,141,142,143,144,156,161,165,170,171,174,176,178,183,185,186,192,193,195,201,210,212,213,214,220,221,226,227,228,230,234,235,238,239,241,242,245,248,252,258,263,271,273,274,276,280,281,282,286,288,293,294,302,305,306,307,308,311,317,319,320,322,333,335,337,338,339,345,346,347,349,351,356,357,362,373,375,382,384,385,389,390,392} P2={5,7,10,14,19,21,22,23,24,35,38,44,48,49,54,57,58,63,65,66,70,71,72,73,77,79,82,84,85,87,89,90,104,106,111,114,123,124,127,128,130,131,134,136,145,146,149,150,151,152,153,154,155,157,162,164,166,167,172,179,180,182,187,188,191,194,196,197,198,199,200,202,211,216,217,225,231,237,240,244,247,249,250,253,257,259,261,262,264,267,272,275,283,284,285,287,289,290,295,296,298,300,309,310,312,313,314,316,323,324,329,330,332,336,342,343,350,352,358,359,360,361,363,366,367,368,369,370,371,374,376,378,379,391,393,398,400} P3={1,6,9,11,12,13,15,26,27,29,30,33,34,37,42,50,51,53,55,56,61,68,74,76,78,86,91,92,93,94,95,96,97,100,101,107,109,112,113,115,122,125,132,137,138,140,147,148,158,159,160,163,168,169,173,175,177,181,184,189,190,203,204,205,206,207,208,209,215,218,219,222,223,224,229,232,233,236,243,246,251,254,255,256,260,265,266,268,269,270,277,278,279,291,292,297,299,301,303,304,315,318,321,325,326,327,328,331,334,340,341,344,348,353,354,355,364,365,372,377,380,381,383,386,387,388,394,395,396,397,399}
400_rd_3.tsp;Dualisation;TIME_LIMIT;42.996999979019165;3.37987895461e7;99.92;P1={1,6,7,9,10,12,14,17,20,23,26,27,28,29,33,34,37,38,39,41,43,44,46,47,49,50,54,57,58,62,70,74,78,79,80,82,86,88,90,91,94,95,102,103,105,107,108,109,110,111,112,115,121,122,127,131,134,137,142,143,146,147,148,150,151,156,157,159,161,163,165,168,171,180,182,185,186,189,190,191,193,195,196,198,201,205,206,207,208,211,220,224,225,228,235,236,239,243,254,258,260,262,263,265,270,273,280,281,287,288,292,297,298,303,305,306,312,313,322,324,326,328,331,332,334,343,344,347,350,354,355,358,362,366,368,371,374,377,378,381,391,395,399,400} P2={2,4,5,8,15,18,19,21,25,30,36,45,52,53,55,59,61,64,67,68,69,71,75,84,85,89,92,93,96,98,100,104,106,113,114,120,124,129,130,132,133,136,139,141,145,152,154,155,158,160,164,166,167,169,172,173,175,176,177,179,181,187,192,197,199,200,203,204,212,213,217,219,226,227,231,233,237,238,240,242,245,246,247,250,253,261,266,268,269,271,272,274,275,276,279,284,285,286,289,290,294,295,296,302,304,307,308,309,310,318,319,320,321,323,325,327,330,333,335,336,337,338,346,349,353,356,357,359,360,363,365,367,370,375,379,382,383,385,386,387,389,390,393,397} P3={3,11,13,16,22,24,31,32,35,40,42,48,51,56,60,63,65,66,72,73,76,77,81,83,87,97,99,101,116,117,118,119,123,125,126,128,135,138,140,144,149,153,162,170,174,178,183,184,188,194,202,209,210,214,215,216,218,221,222,223,229,230,232,234,241,244,248,249,251,252,255,256,257,259,264,267,277,278,282,283,291,293,299,300,301,311,314,315,316,317,329,339,340,341,342,345,348,351,352,361,364,369,372,373,376,380,384,388,392,394,396,398}
400_rd_3.tsp;Plans Coupants;TIME_LIMIT;42.651000022888184;1.39742117482e7;99.81;P1={1,2,3,4,6,7,8,9,13,15,19,20,21,22,28,29,32,35,36,38,39,40,42,43,45,49,50,52,54,56,57,62,64,66,68,69,70,71,73,74,75,76,77,79,85,90,92,95,96,99,101,108,110,111,113,114,117,118,137,142,149,157,158,160,167,168,169,201,214,222,224,227,228,229,232,236,237,239,245,246,247,248,249,250,251,252,253,255,256,257,270,273,275,276,290,295,300,301,303,304,306,307,311,317,320,327,328,336,339,341,347,349,350,352,354,358,360,368,370,377,385,397} P2={5,10,12,14,16,18,24,25,33,41,44,46,48,51,58,61,63,65,67,72,78,80,81,82,83,84,87,88,93,94,97,102,103,105,106,107,116,119,124,126,127,132,133,134,135,136,138,150,151,152,153,170,175,178,182,183,184,185,186,187,189,191,192,194,196,197,198,205,209,218,219,220,221,225,230,231,234,259,266,268,271,272,277,278,283,289,291,294,297,298,312,313,314,322,324,335,337,342,343,348,356,357,364,365,369,372,373,374,379,381,382,384,386,390,394,395,396,399,400} P3={11,17,23,26,27,30,31,34,37,47,53,55,59,60,86,89,91,98,100,104,109,112,115,120,121,122,123,125,128,129,130,131,139,140,141,143,144,145,146,147,148,154,155,156,159,161,162,163,164,165,166,171,172,173,174,176,177,179,180,181,188,190,193,195,199,200,202,203,204,206,207,208,210,211,212,213,215,216,217,223,226,233,235,238,240,241,242,243,244,254,258,260,261,262,263,264,265,267,269,274,279,280,281,282,284,285,286,287,288,292,293,296,299,302,305,308,309,310,315,316,318,319,321,323,325,326,329,330,331,332,333,334,338,340,344,345,346,351,353,355,359,361,362,363,366,367,371,375,376,378,380,383,387,388,389,391,392,393,398}
400_rd_3.tsp;Branch-and-Cut;TIME_LIMIT;42.90299987792969;N/A;-;Pas de solution
10_ulysses_6.tsp;Statique;OPTIMAL;0.04399991035461426;7.222;0.0;P1={1,8} P2={2,3} P3={4} P4={5} P5={6,7} P6={9,10}
10_ulysses_6.tsp;Heuristique;OPTIMAL;0.003000020980834961;354.513;0.0;P1={5} P2={10} P3={2,3} P4={4,7} P5={6,8} P6={1,9}
10_ulysses_6.tsp;Dualisation;OPTIMAL;0.07200002670288086;55.1194;0.0;P1={1,4,8} P2={6,9} P3={10} P4={2,3} P5={5} P6={7}
10_ulysses_6.tsp;Plans Coupants;OPTIMAL;0.7769999504089355;55.1194;0.0;P1={1,4,8} P2={2,3} P3={5} P4={6,9} P5={7} P6={10}
10_ulysses_6.tsp;Branch-and-Cut;OPTIMAL;2.180999994277954;55.1194;0.0;P1={1,4,8} P2={2,3} P3={5} P4={6,9} P5={7} P6={10}
14_burma_6.tsp;Statique;OPTIMAL;0.3380000591278076;17.9622;0.0;P1={1,2,8} P2={3,4} P3={5} P4={6,12,14} P5={7,13} P6={9,10,11}
14_burma_6.tsp;Heuristique;OPTIMAL;0.003000020980834961;349.6061;0.0;P1={6,10} P2={7,9} P3={11,12,14} P4={2,3,13} P5={4,8} P6={1,5}
14_burma_6.tsp;Dualisation;OPTIMAL;0.1789999008178711;42.7406;9.98;P1={1,8,11} P2={2,13} P3={7} P4={9,10} P5={6,12,14} P6={3,4,5}
14_burma_6.tsp;Plans Coupants;OPTIMAL;3.060999870300293;42.7406;0.0;P1={1,8,11} P2={2,13} P3={3,4,5} P4={6,12,14} P5={7} P6={9,10}
14_burma_6.tsp;Branch-and-Cut;OPTIMAL;3.925999879837036;42.7406;0.0;P1={1,8,11} P2={2,13} P3={3,4,5} P4={6,12,14} P5={7} P6={9,10}
22_ulysses_6.tsp;Statique;OPTIMAL;5.166000127792358;82.631;5.93;P1={1,8,16,22} P2={2,3,4,17,18} P3={5,6,15} P4={7,12,13,14} P5={9,11} P6={10,19,20,21}
22_ulysses_6.tsp;Heuristique;OPTIMAL;0.003000020980834961;1662.9446;0.0;P1={7,8,13} P2={3,10,14} P3={2,9,16,22} P4={1,11,15} P5={6,12,19,20} P6={4,5,17,18,21}
22_ulysses_6.tsp;Dualisation;OPTIMAL;28.343000173568726;116.5288;9.73;P1={1,8,16,22} P2={9,13,19} P3={5,6,14,15} P4={2,3,4,17,18} P5={7,11} P6={10,12,20,21}
22_ulysses_6.tsp;Plans Coupants;TIME_LIMIT;40.026999950408936;99.7886;28.35;P1={1,8,16,22} P2={2,3,4,17,18} P3={5,11} P4={6,9,10} P5={7,12,13,14,15} P6={19,20,21}
22_ulysses_6.tsp;Branch-and-Cut;TIME_LIMIT;40.28600001335144;161.386;85.34;P1={1,7,19} P2={2,3,16} P3={4,8,17,18,22} P4={5,11,14,15} P5={6,9,12,20} P6={10,13,21}
26_eil_6.tsp;Statique;TIME_LIMIT;40.03499984741211;620.9428;37.34;P1={1,2,3,20,22} P2={4,13,17,19} P3={5,12,15,18} P4={6,14,24,25} P5={7,8,23,26} P6={9,10,11,16,21}
26_eil_6.tsp;Heuristique;OPTIMAL;0.004999876022338867;8565.7861;0.0;P1={6,11,15,23} P2={7,10,14,18} P3={1,2,3,9,20} P4={4,12,22,25,26} P5={5,8,13,21} P6={16,17,19,24}
26_eil_6.tsp;Dualisation;TIME_LIMIT;40.0479998588562;1106.5757;53.5;P1={1,3,6,20,23} P2={4,12,14,25} P3={7,8,22,24,26} P4={2,9,16,21} P5={5,10,11,15,17} P6={13,18,19}
26_eil_6.tsp;Plans Coupants;TIME_LIMIT;40.050999879837036;611.7514;36.8;P1={1,2,3,20,22} P2={4,5,12,15,17} P3={6,14,24,25} P4={7,8,23,26} P5={9,10,11,16,21} P6={13,18,19}
26_eil_6.tsp;Branch-and-Cut;TIME_LIMIT;40.157999992370605;N/A;-;Pas de solution
30_eil_6.tsp;Statique;TIME_LIMIT;40.05499982833862;883.9702;71.49;P1={1,16,23,24} P2={2,21,22,28,30} P3={3,4,6,17,26} P4={5,13,15,20,27,29} P5={7,8,11,14,19} P6={9,10,12,18,25}
30_eil_6.tsp;Heuristique;OPTIMAL;0.004999876022338867;11662.995;0.0;P1={3,5,15,21,29} P2={6,9,17,24,25} P3={4,14,16,20,27} P4={8,11,19,26,28} P5={2,10,18,22,30} P6={1,7,12,13,23}
30_eil_6.tsp;Dualisation;TIME_LIMIT;40.079999923706055;1354.7685;66.43;P1={1,6,22,23,28} P2={8,13,15,19,20,27} P3={9,12,17,18,25,26} P4={5,16,21,29,30} P5={4,7,10,11,14} P6={2,3,24}
30_eil_6.tsp;Plans Coupants;TIME_LIMIT;40.05999994277954;910.5665;57.2;P1={1,3,22,23} P2={2,4,6,21,28,30} P3={5,13,15,20,27,29} P4={7,8,11,14,19} P5={9,10,12,17,26} P6={16,18,24,25}
30_eil_6.tsp;Branch-and-Cut;TIME_LIMIT;40.235000133514404;N/A;-;Pas de solution
34_pr_6.tsp;Statique;TIME_LIMIT;40.300999879837036;166457.7733;75.34;P1={1,2,4,23} P2={3,5,6,7,8,9,10} P3={11,12,13,14,15,16,17,18} P4={19,20,26,27,31} P5={21,22,24,25} P6={28,29,30,32,33,34}
34_pr_6.tsp;Heuristique;OPTIMAL;0.004999876022338867;2.2789359101e6;0.0;P1={8,13,23,26,29} P2={11,16,18,30,32} P3={2,17,19,24,33} P4={4,9,10,20,22,28} P5={1,6,7,14,15,25,27} P6={3,5,12,21,31,34}
34_pr_6.tsp;Dualisation;TIME_LIMIT;40.08899998664856;358350.0753;73.46;P1={1,2,4,18,19} P2={9,10,15,17,32} P3={11,12,13,14,16,25} P4={20,26,27,28,29,33,34} P5={3,5,6,7,8,30,31} P6={21,22,23,24}
34_pr_6.tsp;Plans Coupants;TIME_LIMIT;40.360000133514404;165499.8519;75.54;P1={1,2,4,23} P2={3,5,6,7,8,9,10} P3={11,12,13,14,15,16,17,18} P4={19,20,27,30,31} P5={21,22,24,25} P6={26,28,29,32,33,34}
34_pr_6.tsp;Branch-and-Cut;TIME_LIMIT;40.193000078201294;N/A;-;Pas de solution
38_rat_6.tsp;Statique;TIME_LIMIT;40.07599997520447;2388.6768;78.25;P1={1,2,3,4,10,11,12,13} P2={5,6,7,8,9,14,15} P3={16,17,18,26,27,35,36} P4={19,20,21,31,38} P5={22,28,29,30,37} P6={23,24,25,32,33,34}
38_rat_6.tsp;Heuristique;OPTIMAL;0.00800013542175293;28881.8485;0.0;P1={15,16,27,30,31,35} P2={3,5,6,23,26,32,36} P3={19,20,22,25,37} P4={1,7,9,10,18,28,38} P5={2,4,13,14,21,24} P6={8,11,12,17,29,33,34}
38_rat_6.tsp;Dualisation;TIME_LIMIT;40.08500003814697;5202.7471;79.29;P1={1,5,8,11,15,16} P2={2,3,10,12,13,14,22} P3={4,19,20,21,29} P4={27,30,31,32,33,38} P5={6,7,23,24,28,37} P6={9,17,18,25,26,34,35,36}
38_rat_6.tsp;Plans Coupants;TIME_LIMIT;40.30200004577637;2237.8601;76.32;P1={1,2,3,4,10,11,12,13} P2={5,6,14,15,23,24} P3={7,8,9,16,17,18} P4={19,20,21,22,28,31} P5={25,26,27,33,34,35,36} P6={29,30,32,37,38}
38_rat_6.tsp;Branch-and-Cut;TIME_LIMIT;40.20199990272522;N/A;-;Pas de solution
40_eil_6.tsp;Statique;TIME_LIMIT;40.08999991416931;1896.7997;75.88;P1={1,7,10,11,19,31,32} P2={2,12,21,26,27,28,40} P3={3,9,20,29,30,33,34,35} P4={4,22,23,24,25,39} P5={5,6,8,17,18,36} P6={13,14,15,16,37,38}
40_eil_6.tsp;Heuristique;OPTIMAL;0.013000011444091797;23180.5613;0.0;P1={1,2,5,17,24,36} P2={6,9,13,16,18,20,28} P3={4,19,22,23,27,29,30} P4={8,12,15,26,33,34,40} P5={10,11,21,25,35,38,39} P6={3,7,14,31,32,37}
40_eil_6.tsp;Dualisation;TIME_LIMIT;40.09600019454956;3780.1197;83.39;P1={1,11,13,22,36,37} P2={3,4,21,23,25,29,30,39} P3={5,14,15,16,17,38} P4={2,6,7,8,10,32} P5={18,19,20,31,35,40} P6={9,12,24,26,27,28,33,34}
40_eil_6.tsp;Plans Coupants;TIME_LIMIT;40.09499979019165;2465.744;82.26;P1={1,11,20,30,31,32} P2={2,4,15,21,23,25,39,40} P3={3,12,24,26,28,29,33,34} P4={5,16,17,36,37,38} P5={6,8,13,14,19,22} P6={7,9,10,18,27,35}
40_eil_6.tsp;Branch-and-Cut;TIME_LIMIT;41.1560001373291;N/A;-;Pas de solution
44_lin_6.tsp;Statique;TIME_LIMIT;40.23599982261658;46588.277;82.78;P1={1,2,3,6,7,10,11,15} P2={4,5,8,9,12,13,14} P3={16,17,18,19,25,26,28} P4={20,21,22,29,30,31,32,33} P5={23,24,27,35,36,37} P6={34,38,39,40,41,42,43,44}
44_lin_6.tsp;Heuristique;OPTIMAL;0.006000041961669922;543600.8986;0.0;P1={9,13,20,21,25,27,37} P2={22,24,29,31,36,40,43} P3={3,10,11,12,28,30,44} P4={7,8,14,19,26,32,41} P5={2,4,6,16,23,34,35,42} P6={1,5,15,17,18,33,38,39}
44_lin_6.tsp;Dualisation;TIME_LIMIT;40.23899984359741;102170.0479;88.33;P1={1,7,24,38} P2={2,3,8,9,11,13,29} P3={12,16,17,18,19,25,26,36,41} P4={4,14,34,35,37,39,40,43,44} P5={20,22,27,28,30,32,33,42} P6={5,6,10,15,21,23,31}
44_lin_6.tsp;Plans Coupants;TIME_LIMIT;40.085999965667725;45891.5491;83.39;P1={1,2,3,6,7,10,11,15} P2={4,5,9,13,14,17} P3={8,30,37,40,41,42,43,44} P4={12,34,35,38,39} P5={16,18,19,24,25,26,27,28,36} P6={20,21,22,23,29,31,32,33}
44_lin_6.tsp;Branch-and-Cut;TIME_LIMIT;40.676000118255615;N/A;-;Pas de solution
48_att_6.tsp;Statique;TIME_LIMIT;40.24199986457825;284516.3788;84.67;P1={1,8,11,20,22,23,47} P2={2,4,13,14,25,32,34,39,41} P3={3,6,7,21,28,31,36} P4={5,10,24,26,29,35,42,45,48} P5={9,12,15,16,33,38,40,46} P6={17,18,19,27,30,37,43,44}
48_att_6.tsp;Heuristique;OPTIMAL;0.006999969482421875;3.1597062104e6;0.0;P1={3,9,15,27,30,33,43,48} P2={6,12,16,17,20,29,35,46} P3={13,14,18,21,23,28,38,41} P4={1,2,8,26,31,32,37,40,44} P5={4,7,10,22,34,36,45} P6={5,11,19,24,25,39,42,47}
48_att_6.tsp;Dualisation;TIME_LIMIT;40.116000175476074;523459.2392;91.81;P1={1,9,19,22,27,31,43} P2={3,5,10,12,13,18,37,41} P3={2,8,11,23,25,38} P4={16,17,21,28,30,36,40,42,44,45,46} P5={6,7,14,15,20,32,33,34,47} P6={4,24,26,29,35,39,48}
48_att_6.tsp;Plans Coupants;TIME_LIMIT;40.098000049591064;248627.0561;83.5;P1={1,6,7,8,9,16,22,38} P2={2,3,4,5,25,29,41} P3={10,24,26,32,35,42,45} P4={11,13,14,21,34,39,48} P5={12,15,20,23,31,33,40,46,47} P6={17,18,19,27,28,30,36,37,43,44}
48_att_6.tsp;Branch-and-Cut;TIME_LIMIT;40.700000047683716;N/A;-;Pas de solution
52_berlin_6.tsp;Statique;TIME_LIMIT;40.08799982070923;51645.7477;87.22;P1={1,18,22,32,35,36,38,39,40,45,49} P2={2,3,7,17,21,42} P3={4,5,6,12,15,24,25,37,46,48} P4={8,9,10,19,33,41,43} P5={11,13,14,26,27,28,47,51,52} P6={16,20,23,29,30,31,34,44,50}
52_berlin_6.tsp;Heuristique;OPTIMAL;0.009000062942504883;642725.1406;0.0;P1={2,13,15,21,27,35,42,44} P2={6,8,16,28,31,34,36,49} P3={5,12,20,23,24,29,37,48} P4={3,9,10,26,41,46,50,52} P5={1,4,17,25,30,32,33,38,51} P6={7,11,14,18,19,22,39,40,43,45,47}
52_berlin_6.tsp;Dualisation;TIME_LIMIT;40.115999937057495;88597.1807;88.17;P1={1,2,7,20,29,30,31,35,42} P2={8,9,10,19,41,48,49} P3={4,11,15,16,25,28,37,43,46,47,51} P4={12,13,14,26,27,52} P5={3,17,21,23,32,36,40,44,45,50} P6={5,6,18,22,24,33,34,38,39}
52_berlin_6.tsp;Plans Coupants;TIME_LIMIT;40.08500003814697;62518.9307;91.05;P1={1,4,5,6,15,16,24,25,38,48} P2={2,3,7,8,9,10,19,41,45} P3={11,12,13,27,28,33,51} P4={14,26,43,47,52} P5={17,18,20,21,23,29,30,31,42,50} P6={22,32,34,35,36,37,39,40,44,46,49}
52_berlin_6.tsp;Branch-and-Cut;TIME_LIMIT;40.26900005340576;124032.4341;95.26;P1={1,3,19,32,35,36,41} P2={2,4,6,33,38,39,43} P3={5,15,24,26,27,34,37,40,46} P4={7,8,9,18,30,31,42,48,51} P5={10,11,12,14,28,29,44} P6={13,16,17,20,21,22,23,25,45,47,49,50,52}
70_st_6.tsp;Statique;TIME_LIMIT;40.13100004196167;13819.8026;95.73;P1={1,29,36,37,38,52,58,60,63,70} P2={2,6,20,24,26,27,41,46,57,59,69} P3={3,4,7,8,15,18,19,28,32,42,43,44} P4={5,13,14,16,22,23,31,35,39,49,53,55,66} P5={9,12,17,25,30,33,34,40,45,48,54,61,62,68} P6={10,11,21,47,50,51,56,64,65,67}
70_st_6.tsp;Heuristique;OPTIMAL;0.01100015640258789;106297.4834;0.0;P1={12,16,21,23,26,41,52,55,60,61,63,64} P2={20,25,27,29,33,50,59,62,65,66,68,69} P3={1,9,18,19,32,37,40,42,45,47,54} P4={3,4,7,10,11,30,34,35,38,43,56,70} P5={2,5,8,13,15,17,24,31,36,39,44,57} P6={6,14,22,28,46,48,49,51,53,58,67}
70_st_6.tsp;Dualisation;TIME_LIMIT;40.1800000667572;19989.5662;91.79;P1={1,20,26,41,50,52,56,59,60,61} P2={4,7,14,15,17,19,25,29,30,32,37,42,43,44,53} P3={2,6,24,33,35,49,57,69} P4={3,5,9,10,21,34,39,40,46,48,62} P5={8,11,23,28,38,45,51,55,58,67,68} P6={12,13,16,18,22,27,31,36,47,54,63,64,65,66,70}
70_st_6.tsp;Plans Coupants;TIME_LIMIT;40.13700008392334;14305.2796;94.84;P1={1,2,3,4,5,6,7,18,19,26,32,41,57} P2={8,9,12,25,27,34,40,44,52,54,55,61,68} P3={10,11,21,33,48,50,51,56,58,64,67} P4={13,15,24,28,29,31,36,49,60,66,69} P5={14,16,22,23,35,37,38,47,53,59,62,70} P6={17,20,30,39,42,43,45,46,63,65}
70_st_6.tsp;Branch-and-Cut;TIME_LIMIT;40.24500012397766;N/A;-;Pas de solution
80_gr_6.tsp;Statique;TIME_LIMIT;40.146000146865845;10404.0034;97.21;P1={1,2,3,30,31,32,35,36,37,38,39} P2={4,5,6,7,8,9,12,13,14,16,29,33,44} P3={10,22,27,49,51,56,58,63,66,68,69} P4={11,25,34,40,41,42,43,45,46,47,48,50,52,54,57,76} P5={15,17,18,19,20,21,24,55,60,61,65,67,74,79} P6={23,26,28,53,59,62,64,70,71,72,73,75,77,78,80}
80_gr_6.tsp;Heuristique;OPTIMAL;0.04399991035461426;85090.6963;0.0;P1={3,11,18,19,25,27,41,46,51,57,60,63,71,75} P2={22,28,36,43,45,47,48,53,65,67,68,72,73,76} P3={7,8,14,21,23,26,30,32,37,49,52,74,79} P4={1,4,5,12,16,33,40,50,56,58,61,70,80} P5={2,6,10,15,17,20,29,31,35,39,42,59,77} P6={9,13,24,34,38,44,54,55,62,64,66,69,78}
80_gr_6.tsp;Dualisation;TIME_LIMIT;40.11899995803833;15327.5955;93.63;P1={1,4,5,9,12,29,31,32,36,69} P2={2,13,16,25,26,27,28,30,43,60,64,65,66,68,71,72,73,75,76} P3={3,6,8,15,18,22,33,46,50,51} P4={7,10,11,34,35,37,39,40,45,47,48,56,57,61,70} P5={14,17,19,20,21,23,24,54,59,62,67,74,77,78,80} P6={38,41,42,44,49,52,53,55,58,63,79}
80_gr_6.tsp;Plans Coupants;TIME_LIMIT;40.15299987792969;11409.5747;96.98;P1={1,3,4,5,6,7,8,9,10,12,13,14,15,16,17} P2={2,11,21,30,31,66,69,71,74,76,77,80} P3={18,64,65,68,70,72,73,75,78,79} P4={19,49,51,52,53,54,55,56,58,59,60,61,62,63,67} P5={20,36,37,38,39,40,41,42,44,45,46,48,50} P6={22,23,24,25,26,27,28,29,32,33,34,35,43,47,57}
80_gr_6.tsp;Branch-and-Cut;TIME_LIMIT;41.013999938964844;N/A;-;Pas de solution
100_kroA_6.tsp;Statique;TIME_LIMIT;40.27999997138977;971224.7979;96.47;P1={1,5,11,21,23,32,45,47,53,59,77,84,87,91,92,98,99} P2={2,13,25,31,34,39,40,41,49,55,64,82,85,100} P3={3,7,14,20,27,29,30,33,35,43,46,67,68,71,81,83,96} P4={4,6,10,16,17,19,24,36,38,56,63,66,70,75,79,88,90,94} P5={8,9,26,28,37,42,50,51,54,62,69,74,76,80,89,93,95,97} P6={12,15,18,22,44,48,52,57,58,60,61,65,72,73,78,86}
100_kroA_6.tsp;Heuristique;OPTIMAL;0.04399991035461426;7.1297687442e6;0.0;P1={10,12,19,22,24,26,30,42,45,52,53,56,67,82,85,88,98,99} P2={3,15,33,35,36,43,46,47,48,58,61,74,77,79,87,96} P3={1,18,44,50,51,54,55,57,62,63,69,71,72,90,91,93} P4={6,7,8,21,32,60,64,70,73,75,76,78,80,84,92,100} P5={4,13,17,23,25,27,31,34,37,49,66,81,83,89,94,95,97} P6={2,5,9,11,14,16,20,28,29,38,39,40,41,59,65,68,86}
100_kroA_6.tsp;Dualisation;TIME_LIMIT;40.32800006866455;1.4018806189e6;97.98;P1={1,2,25,27,38,40,77,79,90,94,98} P2={6,8,13,16,23,24,36,37,50,56,63,65,66,67,74,89} P3={5,7,11,12,18,22,28,31,55,58,61,64,69,72,76,80,82,95,97,100} P4={4,14,17,20,29,30,34,39,41,46,47,52,54,59,60,68,71,85} P5={10,15,21,26,32,33,35,42,43,45,53,57,70,73,78,81,86,88,91,96} P6={3,9,19,44,48,49,51,62,75,83,84,87,92,93,99}
100_kroA_6.tsp;Plans Coupants;TIME_LIMIT;40.18499994277954;1.0458964404e6;96.12;P1={1,6,8,10,15,18,23,24,26,42,49,56,60,63,65,70,72,92,93,99} P2={2,5,7,13,27,33,34,40,44,50,55,58,64,68,87,95} P3={3,4,25,29,30,41,43,46,48,51,62,71,85,96,100} P4={9,12,22,32,39,47,66,69,73,80,82,83} P5={11,14,16,19,20,28,31,35,37,52,54,57,61,75,76,78,81,86,88,89,90} P6={17,21,36,38,45,53,59,67,74,77,79,84,91,94,97,98}
100_kroA_6.tsp;Branch-and-Cut;TIME_LIMIT;40.129000186920166;N/A;-;Pas de solution
202_gr_6.tsp;Statique;TIME_LIMIT;40.56700015068054;47261.808;99.33;P1={1,3,4,5,8,35,70,71,137,142,177} P2={2,6,7,9,11,17,20,22,23,24,25,26,27,30,36,37,38,39,41,43,51,55,59,60,64,65,66,67,68,73,74,76,77,81,82,84,85,86,87,90,92,113,128,147} P3={10,15,16,18,21,32,33,34,42,44,45,46,48,50,69,72,75,78,88,91,93,99,100,101,102,104,112,114,117,119,121,123,125,130,131,140,168} P4={12,13,14,19,28,31,47,49,52,53,54,56,57,58,61,62,63,80,89,94,95,103,105,109,111,116,118,120,124,126,129,135,138,139,144,146,151,152,160,173} P5={29,40,79,83,96,97,98,107,108,110,115,122,127,132,133,134,136,143,145,156,157,159,162,163,164,166,167,170,171,180,181,183,185,186,189,191,192,194,196,199,200} P6={106,141,148,149,150,153,154,155,158,161,165,169,172,174,175,176,178,179,182,184,187,188,190,193,195,197,198,201,202}
202_gr_6.tsp;Heuristique;OPTIMAL;0.09200000762939453;263585.2646;0.0;P1={8,9,13,22,24,35,39,46,49,50,51,54,59,72,85,99,106,110,111,113,132,143,145,158,160,161,163,174,175,178,184,185,195} P2={5,11,12,20,31,41,44,53,56,57,60,68,70,78,92,97,98,103,104,112,127,137,139,147,159,164,167,170,183,189,190,197,201} P3={1,15,23,25,52,55,58,61,63,65,71,74,77,83,87,88,96,100,102,114,117,120,123,125,128,134,141,142,151,168,171,172,179,182,188,194,202} P4={3,17,18,19,27,28,36,62,66,67,75,76,79,81,84,91,108,115,119,121,124,126,131,133,135,165,169,180,181,186,191,196,200} P5={2,14,26,29,30,33,37,38,40,43,69,73,82,89,94,95,105,107,118,122,129,136,138,149,150,153,156,157,166,177,187,192,199} P6={4,6,7,10,16,21,32,34,42,45,47,48,64,80,86,90,93,101,109,116,130,140,144,146,148,152,154,155,162,173,176,193,198}
202_gr_6.tsp;Dualisation;TIME_LIMIT;41.35899996757507;N/A;-;Pas de solution
202_gr_6.tsp;Plans Coupants;TIME_LIMIT;41.043999910354614;49727.0091;99.56;P1={1,2,4,7,9,17,21,23,29,43,54,55,63,69,82,96,97,98,102,105,110,126,136,138,144,145,148,151,157,161,175,177,183,187} P2={3,5,6,8,10,12,15,16,18,20,22,24,25,26,31,34,36,39,46,48,51,56,60,64,66,68,80,94,100,101,106,108,122,130,132,133,140,143,190} P3={11,13,14,19,30,33,37,41,44,45,53,57,65,71,73,88,109,112,117,118,124,127,134,142,146,150,166,169,178,182,192,194,195} P4={27,32,42,47,49,58,61,67,72,74,75,86,92,99,103,113,114,121,125,149,152,156,160,167,173,174,176,179,188,196,200} P5={28,38,52,62,70,76,78,79,85,91,93,95,115,116,120,123,128,131,153,154,155,162,163,165,168,180,184,185,186,189,191,193,198,199} P6={35,40,50,59,77,81,83,84,87,89,90,104,107,111,119,129,135,137,139,141,147,158,159,164,170,171,172,181,197,201,202}
202_gr_6.tsp;Branch-and-Cut;TIME_LIMIT;41.08699989318848;N/A;-;Pas de solution
318_lin_6.tsp;Statique;TIME_LIMIT;42.15899991989136;1.51174951018e7;99.98;P1={1,3,7,9,11,20,23,25,30} P2={2,5,6,8,10,14,16,27,29,31,32,34,37,41,45,48,51,52,54,57,58,59,60,61,64,66,71,73,75,76,80,81,82,85,86,89,90,91,92,93,98,106,111,113,114,118,119,120,121,125,127,131,132,137,138,141,147,148,155,156,159,161,162,164,168,170,174,176,177,182,185,192,211} P3={4,12,15,17,18,19,21,38,40,42,43,44,46,56,62,63,67,68,72,77,83,84,88,96,97,101,105,110,126,129,134,135,140,143,144,145,149,153,154,158,160,166,167,169,171,175,178,179,180,181,186,187,191,194,196,202,204,207,218,224} P4={13,22,24,26,28,33,47,49,50,65,69,70,74,78,79,87,94,95,99,102,104,107,112,116,117,122,123,124,128,130,136,139,146,152,163,165,172,173,183,184,189,198,200,205,212,214,216,220,226,231,233,240,243,244,248,249,251,252,254,255,258,260,264,270,287,299} P5={35,36,39,53,100,108,109,115,133,142,150,151,157,188,190,193,195,197,201,206,208,209,213,227,229,232,237,239,241,245,246,247,250,253,256,261,262,263,265,269,272,274,284,285,286,291,294,297,298,300,304,305,309,311,312,315,316,317} P6={55,103,199,203,210,215,217,219,221,222,223,225,228,230,234,235,236,238,242,257,259,266,267,268,271,273,275,276,277,278,279,280,281,282,283,288,289,290,292,293,295,296,301,302,303,306,307,308,310,313,314,318}
318_lin_6.tsp;Heuristique;OPTIMAL;0.7129998207092285;7.78161946413e7;0.0;P1={9,12,20,24,27,30,35,42,47,57,58,61,69,97,101,107,111,126,128,132,143,144,147,148,157,158,166,174,184,186,187,188,196,209,210,211,215,217,240,241,246,247,250,260,266,274,276,298,300,312,314,318} P2={1,11,23,32,41,44,48,70,71,76,77,79,82,84,96,103,109,112,119,134,146,149,151,161,164,179,190,191,198,199,200,216,219,226,227,230,232,242,243,253,255,258,261,265,269,271,275,282,283,305,307,316} P3={2,3,8,15,19,51,53,54,55,60,68,80,83,86,90,91,92,94,98,105,114,115,120,129,137,141,153,154,155,160,172,178,180,197,202,203,204,207,212,221,235,254,256,257,263,264,267,278,280,281,289,290,296,299,302,306,315,317} P4={4,6,13,14,16,17,31,38,45,50,52,56,59,66,67,73,74,78,85,89,99,108,122,123,139,140,142,156,162,163,165,168,175,182,206,213,218,220,222,225,238,244,268,270,272,277,279,286,288,295,301,303} P5={5,22,26,28,33,34,37,43,49,63,64,81,87,88,93,100,104,110,121,124,127,130,131,138,150,152,167,173,177,181,185,192,193,205,223,224,228,229,233,234,236,248,251,259,284,285,287,294,309,310,311,313} P6={7,10,18,21,25,29,36,39,40,46,62,65,72,75,95,102,106,113,116,117,118,125,133,135,136,145,159,169,170,171,176,183,189,194,195,201,208,214,231,237,239,245,249,252,262,273,291,292,293,297,304,308}
318_lin_6.tsp;Dualisation;TIME_LIMIT;42.84999990463257;N/A;-;Pas de solution
318_lin_6.tsp;Plans Coupants;TIME_LIMIT;42.728999853134155;1.61247782652e7;99.98;P1={1,3,6,7,9,10,12,15,20,21,22,23,25,30,40,83,103,122,145,155,165,182,185,191,211,221,238,251,253,262,277,278,279,285,287,291,292,294,298,307,308,312,313,314,316} P2={2,38,46,50,59,72,84,92,96,98,100,115,125,129,140,141,149,152,154,157,159,163,175,176,179,189,194,196,212,226,227,229,261,271,273,281,284,300,303,304,305,309} P3={4,24,28,34,39,43,44,48,49,55,93,102,106,113,116,120,123,128,150,162,167,170,172,173,174,177,193,208,213,215,235,239,244,257,267,274,296,297,302,311,317} P4={5,13,17,18,29,37,42,45,52,56,58,61,69,73,78,80,88,91,95,108,124,126,137,139,164,197,209,219,222,223,225,232,240,242,248,249,250,252,254,258,260,264,266,269,276,290,306,315} P5={8,14,32,35,36,53,54,63,67,71,77,81,82,85,87,94,97,99,101,104,110,118,119,131,133,134,142,143,146,148,158,166,168,187,190,198,199,206,210,214,217,228,230,236,237,255,265,268,270,272,275,280,282,283,286,293,299,301,310,318} P6={11,16,19,26,27,31,33,41,47,51,57,60,62,64,65,66,68,70,74,75,76,79,86,89,90,105,107,109,111,112,114,117,121,127,130,132,135,136,138,144,147,151,153,156,160,161,169,171,178,180,181,183,184,186,188,192,195,200,201,202,203,204,205,207,216,218,220,224,231,233,234,241,243,245,246,247,256,259,263,288,289,295}
318_lin_6.tsp;Branch-and-Cut;TIME_LIMIT;42.448999881744385;N/A;-;Pas de solution
400_rd_6.tsp;Statique;TIME_LIMIT;46.830000162124634;7.0291846895e6;99.99;P1={1,2,3,4,8,10,12,13,14,23,31,34,38,47,48,50,54,55,61,66,71,77,86,89,97,102,105,120,125,129,140,144,146,148,156,157,164,168,182,185,189,190,197,215,217,223,232,238,243,260,264,267,268,269,272,286,291,293,309,316,326,333,334,342,345,350,352,359,367,379,381,385,389,394,395,398,399} P2={5,6,7,9,11,18,24,35,41,52,53,59,63,72,75,78,83,85,87,96,100,108,121,123,128,130,138,152,153,160,161,166,171,174,176,180,183,184,192,196,200,201,206,210,216,221,225,228,231,233,236,241,244,245,251,265,274,285,296,302,303,322,327,328,340,344,348,349,353,355,357,373,377,397} P3={15,17,21,29,33,43,46,49,58,64,65,70,73,79,88,90,91,93,99,115,116,127,136,141,142,158,173,187,188,194,195,202,205,219,226,230,246,248,252,259,263,266,277,280,298,311,313,324,338,358,369,371,374,376,384,388,391,393} P4={16,19,22,30,32,56,74,81,92,111,118,119,124,132,135,137,145,150,151,154,169,170,186,193,198,208,209,239,240,250,261,262,271,278,279,282,283,290,292,297,300,305,310,314,320,325,332,335,360,364,368,370,375,378,382,386,390} P5={20,26,27,28,36,37,39,57,60,62,68,69,76,84,101,104,110,112,114,117,133,139,143,147,155,159,162,165,172,175,177,179,191,204,212,222,227,234,235,242,247,256,257,258,273,281,287,288,307,318,329,330,331,341,343,346,347,351,362,363,365,387,396,400} P6={25,40,42,44,45,51,67,80,82,94,95,98,103,106,107,109,113,122,126,131,134,149,163,167,178,181,199,203,207,211,213,214,218,220,224,229,237,249,253,254,255,270,275,276,284,289,294,295,299,301,304,306,308,312,315,317,319,321,323,336,337,339,354,356,361,366,372,380,383,392}
400_rd_6.tsp;Heuristique;OPTIMAL;0.4890000820159912;3.52471277615e7;0.0;P1={34,37,40,41,42,52,58,60,61,63,80,85,102,105,110,116,117,121,129,133,135,144,145,156,165,170,171,174,176,178,195,201,214,220,227,228,230,234,238,239,241,245,258,263,271,274,293,305,308,311,317,319,322,333,337,345,346,347,357,362,373,382,384,389,390,392} P2={5,14,24,43,48,57,65,69,78,79,82,88,95,97,111,114,123,124,127,130,136,147,150,151,152,153,164,179,180,182,188,191,196,199,202,211,225,231,237,240,247,250,257,259,262,264,272,275,285,290,309,312,313,314,323,329,330,336,343,352,358,361,366,367,368,369,370,379,391,393,400} P3={1,9,11,12,13,27,29,30,33,56,71,73,74,81,86,94,106,112,115,122,137,138,158,160,173,177,181,184,189,190,203,207,208,215,232,236,243,246,251,254,255,256,265,266,277,278,279,291,299,325,326,334,341,344,353,364,365,372,377,383,387,394,396,397,399} P4={2,3,4,8,16,17,18,25,28,31,32,36,46,59,62,64,67,68,83,89,98,99,103,108,118,119,120,126,141,142,143,161,183,185,186,192,193,210,212,213,221,226,235,242,248,252,273,276,280,281,282,286,288,294,302,306,307,320,335,338,339,349,351,356,375,385} P5={7,10,19,20,22,23,35,38,44,49,54,66,70,72,75,84,87,90,100,104,128,131,134,146,149,154,155,157,162,166,167,172,187,194,197,198,200,216,217,244,249,253,261,267,283,284,287,289,295,296,298,300,310,316,324,332,342,350,359,360,363,371,374,376,378,398} P6={6,15,21,26,39,45,47,50,51,53,55,76,77,91,92,93,96,101,107,109,113,125,132,139,140,148,159,163,168,169,175,204,205,206,209,218,219,222,223,224,229,233,260,268,269,270,292,297,301,303,304,315,318,321,327,328,331,340,348,354,355,380,381,386,388,395}
400_rd_6.tsp;Dualisation;TIME_LIMIT;44.30200004577637;N/A;-;Pas de solution
400_rd_6.tsp;Plans Coupants;TIME_LIMIT;47.1729998588562;7.5060180265e6;99.99;P1={1,4,8,12,18,22,25,45,58,84,97,101,105,118,136,160,162,168,170,183,187,191,228,229,236,245,250,251,252,255,283,294,295,297,303,307,317,322,324,328,336,341,347,349,368,377} P2={2,16,17,23,29,32,34,37,43,46,50,52,55,69,70,71,80,86,92,95,104,111,121,122,123,126,129,130,131,137,140,141,143,145,146,147,154,156,163,165,195,201,202,203,204,207,212,213,215,216,218,223,233,238,242,247,254,261,263,264,269,279,282,285,286,296,302,308,310,313,315,316,321,323,326,330,338,345,346,358,367,371,378,387,392,394,399} P3={3,6,19,27,28,36,38,39,49,54,73,79,82,85,91,96,98,109,110,112,113,119,120,128,139,155,159,161,166,169,171,172,174,175,176,179,180,181,188,190,193,199,200,208,210,211,214,217,226,240,241,243,244,256,258,260,262,265,273,274,280,281,284,287,292,299,300,304,305,309,318,319,325,329,332,334,339,340,344,351,355,357,359,361,362,365,366,375,376,380,383,386,390,393} P4={5,7,9,10,11,15,31,35,41,48,51,53,59,60,61,81,87,88,89,100,106,107,114,115,117,124,125,133,144,152,164,173,177,184,185,186,194,197,205,206,227,234,235,257,259,266,267,268,277,288,293,298,314,331,333,335,337,352,353,356,360,369,372,374,385,388,389,391,395,396,398} P5={13,14,20,21,24,30,33,42,62,64,66,67,72,76,83,90,93,102,116,127,132,135,138,142,150,153,157,158,189,192,198,209,219,220,221,231,239,246,253,270,271,272,276,289,290,291,320,327,350,354,363,364,381,382,384} P6={26,40,44,47,56,57,63,65,68,74,75,77,78,94,99,103,108,134,148,149,151,167,178,182,196,222,224,225,230,232,237,248,249,275,278,301,306,311,312,342,343,348,370,373,379,397,400}
400_rd_6.tsp;Branch-and-Cut;TIME_LIMIT;44.28500008583069;N/A;-;Pas de solution
10_ulysses_3.tsp;Statique;OPTIMAL;0.2630000114440918;54.3548;0.0;P1={1,5,8} P2={2,3,4} P3={6,7,9,10}
10_ulysses_3.tsp;Heuristique;OPTIMAL;0.47099995613098145;280.9343;0.0;P1={3,5,9} P2={6,8,10} P3={1,2,4,7}
10_ulysses_3.tsp;Dualisation;OPTIMAL;0.49900007247924805;136.9953;0.0;P1={1,2,3,10} P2={4,6,7,8} P3={5,9}
10_ulysses_3.tsp;Plans Coupants;OPTIMAL;1.3459999561309814;136.9953;8.64;P1={1,2,3,10} P2={4,6,7,8} P3={5,9}
10_ulysses_3.tsp;Branch-and-Cut;OPTIMAL;2.129000186920166;136.9953;0.0;P1={1,2,3,10} P2={4,6,7,8} P3={5,9}
14_burma_3.tsp;Statique;OPTIMAL;0.08500003814697266;66.2137;0.0;P1={1,2,8,9,10,11} P2={3,4,12,14} P3={5,6,7,13}
14_burma_3.tsp;Heuristique;OPTIMAL;0.002000093460083008;288.1917;0.0;P1={1,3,9,10,13} P2={4,6,7,8,11} P3={2,5,12,14}
14_burma_3.tsp;Dualisation;OPTIMAL;0.24600005149841309;93.39;7.31;P1={1,8,9,10,11} P2={3,4,5,6,7} P3={2,12,13,14}
14_burma_3.tsp;Plans Coupants;OPTIMAL;1.0600001811981201;93.39;0.0;P1={1,8,9,10,11} P2={2,12,13,14} P3={3,4,5,6,7}
14_burma_3.tsp;Branch-and-Cut;OPTIMAL;1.069000005722046;93.39;0.0;P1={1,8,9,10,11} P2={2,12,13,14} P3={3,4,5,6,7}
22_ulysses_3.tsp;Statique;OPTIMAL;0.38499999046325684;284.2098;0.0;P1={1,2,3,4,8,16,17,18,22} P2={5,6,9,11,15} P3={7,10,12,13,14,19,20,21}
22_ulysses_3.tsp;Heuristique;OPTIMAL;0.003999948501586914;1311.1773;0.0;P1={7,11,12,13,16,17,20} P2={3,4,5,6,10,14,18,19} P3={1,2,8,9,15,21,22}
22_ulysses_3.tsp;Dualisation;OPTIMAL;1.5499999523162842;358.6368;9.38;P1={1,2,3,4,8,16,17,18} P2={5,6,9,11,15,21} P3={7,10,12,13,14,19,20,22}
